gs://matthew_files/model_files/images500/00e3f126-fcc9-4690-9011-0abadedcd3ad_campaign_f241f585-6cb5-456d-bf0e-8e28936bc503.jpg,receipt,0.31,0.05,,,0.65,0.99,,
gs://matthew_files/model_files/images500/00eef53a-e182-43e0-818a-3007643e0015_campaign_f241f585-6cb5-456d-bf0e-8e28936bc503.jpg,receipt,0.3,0.07,,,0.64,0.98,,
gs://matthew_files/model_files/images500/01f0d1e3-bf96-471c-bf64-6264da43fb22_campaign_f241f585-6cb5-456d-bf0e-8e28936bc503.jpg,receipt,0.17,0.11,,,0.89,0.96,,
gs://matthew_files/model_files/images500/0abbcd91-1bcf-4f0f-b07a-23bcbebb9391_campaign_f241f585-6cb5-456d-bf0e-8e28936bc503.jpg,receipt,0.29,0.06,,,0.59,0.93,,
gs://matthew_files/model_files/images500/0ac3a2b3-1a2e-4fc9-a9da-55eb6c71d3db_campaign_f241f585-6cb5-456d-bf0e-8e28936bc503.jpg,receipt,0.34,0.07,,,0.69,0.9,,
gs://matthew_files/model_files/images500/0ade4d75-f5d9-4be0-9230-b180d130c178_campaign_f241f585-6cb5-456d-bf0e-8e28936bc503.jpg,receipt,0.25,0.06,,,0.72,0.88,,
gs://matthew_files/model_files/images500/0ae3a015-ff23-4871-986c-5206ec50c10a_campaign_f241f585-6cb5-456d-bf0e-8e28936bc503.jpg,receipt,0.17,0.12,,,0.75,0.96,,
gs://matthew_files/model_files/images500/0affac0b-1049-4dea-a7dc-efb3816cb131_campaign_f241f585-6cb5-456d-bf0e-8e28936bc503.jpg,receipt,0.31,0.02,,,0.64,0.99,,
gs://matthew_files/model_files/images500/0b39eb1d-12cc-4485-85ac-6d7661e1fb7f_campaign_f241f585-6cb5-456d-bf0e-8e28936bc503.jpg,receipt,0.31,0.09,,,0.61,0.92,,
gs://matthew_files/model_files/images500/0b6a1fe7-8167-427b-85c2-50c6bbc1c93e_campaign_f241f585-6cb5-456d-bf0e-8e28936bc503.jpg,receipt,0.28,0.01,,,0.66,0.99,,
gs://matthew_files/model_files/images500/0b8257c6-e7fc-4ed0-b37f-11bcd9ec17ed_campaign_f241f585-6cb5-456d-bf0e-8e28936bc503.jpg,receipt,0.22,0.06,,,0.62,0.97,,
gs://matthew_files/model_files/images500/0bb4f1c8-3b8c-43f5-9d2b-6ef4d82d8bc7_campaign_f241f585-6cb5-456d-bf0e-8e28936bc503.jpg,receipt,0.33,0.03,,,0.66,0.97,,
gs://matthew_files/model_files/images500/0bb655ce-fc29-4eb7-9c7f-9ecf80bcaf7e_campaign_f241f585-6cb5-456d-bf0e-8e28936bc503.jpg,receipt,0.31,0.04,,,0.58,0.98,,
gs://matthew_files/model_files/images500/0bc74b6b-3a37-4c1c-80fb-f4812a523ad2_campaign_f241f585-6cb5-456d-bf0e-8e28936bc503.jpg,receipt,0.33,0.05,,,0.63,0.98,,
gs://matthew_files/model_files/images500/0bc9a5f4-d536-4e48-bb6f-902606117ef8_campaign_f241f585-6cb5-456d-bf0e-8e28936bc503.jpg,receipt,0.29,0.08,,,0.69,0.96,,
gs://matthew_files/model_files/images500/0bddddd3-3331-4bd1-a6bd-d65b9538839a_campaign_f241f585-6cb5-456d-bf0e-8e28936bc503.jpg,receipt,0.29,0.02,,,0.62,1.0,,
gs://matthew_files/model_files/images500/0bf0cf9a-71f0-48e7-b680-7050e9a84741_campaign_f241f585-6cb5-456d-bf0e-8e28936bc503.jpg,receipt,0.27,0.15,,,0.67,0.81,,
gs://matthew_files/model_files/images500/0bf82ca7-f2cc-4537-81b9-bd1a51a4a1b2_campaign_f241f585-6cb5-456d-bf0e-8e28936bc503.jpg,receipt,0.38,0.05,,,0.65,0.97,,
gs://matthew_files/model_files/images500/0bf9c00b-e3f7-4c04-b438-db6e3b57aba3_campaign_f241f585-6cb5-456d-bf0e-8e28936bc503.jpg,receipt,0.27,0.06,,,0.64,0.86,,
gs://matthew_files/model_files/images500/0c070720-d1c6-48c1-88dc-357e8ae7d03e_campaign_f241f585-6cb5-456d-bf0e-8e28936bc503.jpg,receipt,0.35,0.05,,,0.61,0.96,,
gs://matthew_files/model_files/images500/0c50dcc6-8926-4797-b952-86731ebba2f8_campaign_f241f585-6cb5-456d-bf0e-8e28936bc503.jpg,receipt,0.22,0.01,,,0.75,0.85,,
gs://matthew_files/model_files/images500/0c5f470f-649d-4439-93d7-60a1150ed3ee_campaign_f241f585-6cb5-456d-bf0e-8e28936bc503.jpg,receipt,0.25,0.09,,,0.62,0.89,,
gs://matthew_files/model_files/images500/0c661f30-06b6-477d-86b4-b4ee278d82d4_campaign_f241f585-6cb5-456d-bf0e-8e28936bc503.jpg,receipt,0.3,0.05,,,0.67,1.0,,
gs://matthew_files/model_files/images500/0c67ae19-081f-49c8-a560-8ebb03cd5189_campaign_f241f585-6cb5-456d-bf0e-8e28936bc503.jpg,receipt,0.29,0.01,,,0.66,0.99,,
gs://matthew_files/model_files/images500/0c7bcbcb-c2ba-4fa2-87e6-e177c25f5fd5_campaign_f241f585-6cb5-456d-bf0e-8e28936bc503.jpg,receipt,0.3,0.09,,,0.65,0.85,,
gs://matthew_files/model_files/images500/0c8976de-1bb1-46bb-836c-bb23ed557dc5_campaign_f241f585-6cb5-456d-bf0e-8e28936bc503.jpg,receipt,0.31,0.04,,,0.57,0.99,,
gs://matthew_files/model_files/images500/0cb7186c-f280-45c3-8f54-4d631fca8960_campaign_f241f585-6cb5-456d-bf0e-8e28936bc503.jpg,receipt,0.32,0.01,,,0.57,0.97,,
gs://matthew_files/model_files/images500/0ce25f4d-6788-40dd-b7bd-b7e89383df8d_campaign_f241f585-6cb5-456d-bf0e-8e28936bc503.jpg,receipt,0.3,0.03,,,0.62,0.98,,
gs://matthew_files/model_files/images500/0ce79587-dbb3-4177-b50d-8a68ff2684ef_campaign_f241f585-6cb5-456d-bf0e-8e28936bc503.jpg,receipt,0.27,0.05,,,0.58,0.9,,
gs://matthew_files/model_files/images500/0cf76044-21dd-4568-9aac-e89daada3140_campaign_f241f585-6cb5-456d-bf0e-8e28936bc503.jpg,receipt,0.32,0.04,,,0.6,0.96,,
gs://matthew_files/model_files/images500/0d14c5e5-b7e3-4af6-b620-b13e95d70b2f_campaign_f241f585-6cb5-456d-bf0e-8e28936bc503.jpg,receipt,0.19,0.03,,,0.87,0.91,,
gs://matthew_files/model_files/images500/0d718f7d-69d5-48cc-b5fa-132a9672472b_campaign_f241f585-6cb5-456d-bf0e-8e28936bc503.jpg,receipt,0.31,0.04,,,0.65,0.88,,
gs://matthew_files/model_files/images500/0d86efa7-9cc6-4d57-94bc-95b699033174_campaign_f241f585-6cb5-456d-bf0e-8e28936bc503.jpg,receipt,0.14,0.13,,,0.67,0.9,,
gs://matthew_files/model_files/images500/0d9f5227-850a-4a58-8c3d-93b1ee7f554d_campaign_f241f585-6cb5-456d-bf0e-8e28936bc503.jpg,receipt,0.21,0.08,,,0.61,0.81,,
gs://matthew_files/model_files/images500/0dc26515-610a-4b56-a486-c480adae64e3_campaign_f241f585-6cb5-456d-bf0e-8e28936bc503.jpg,receipt,0.3,0.12,,,0.75,0.85,,
gs://matthew_files/model_files/images500/0ddb3e7c-c6c2-4159-9eef-ea8563e28340_campaign_f241f585-6cb5-456d-bf0e-8e28936bc503.jpg,receipt,0.34,0.04,,,0.59,0.92,,
gs://matthew_files/model_files/images500/0e06987b-6200-4f82-929f-792333f9cda6_campaign_f241f585-6cb5-456d-bf0e-8e28936bc503.jpg,receipt,0.32,0.04,,,0.6,0.97,,
gs://matthew_files/model_files/images500/0e7747d6-ed10-421e-a089-6cf52a7e31ce_campaign_f241f585-6cb5-456d-bf0e-8e28936bc503.jpg,receipt,0.29,0.0,,,0.76,0.98,,
gs://matthew_files/model_files/images500/0e7cce6f-c476-49f7-904d-3d3543ada0dc_campaign_f241f585-6cb5-456d-bf0e-8e28936bc503.jpg,receipt,0.25,0.02,,,0.7,0.94,,
gs://matthew_files/model_files/images500/0e8b9cc3-9fb5-4dac-b162-ab226d9b4c99_campaign_f241f585-6cb5-456d-bf0e-8e28936bc503.jpg,receipt,0.34,0.04,,,0.65,0.92,,
gs://matthew_files/model_files/images500/0e9e6025-50b4-4790-beaa-4d690494ad23_campaign_f241f585-6cb5-456d-bf0e-8e28936bc503.jpg,receipt,0.29,0.05,,,0.61,0.97,,
gs://matthew_files/model_files/images500/0eb194b3-e8bc-4182-91e5-c2646f3d8769_campaign_f241f585-6cb5-456d-bf0e-8e28936bc503.jpg,receipt,0.3,0.05,,,0.61,0.9,,
gs://matthew_files/model_files/images500/0f054d41-dd99-4e91-97c4-d889bdd66389_campaign_f241f585-6cb5-456d-bf0e-8e28936bc503.jpg,receipt,0.29,0.12,,,0.65,0.84,,
gs://matthew_files/model_files/images500/0f2a97a5-85aa-4363-a73f-cc31fa31c382_campaign_f241f585-6cb5-456d-bf0e-8e28936bc503.jpg,receipt,0.34,0.07,,,0.63,1.0,,
gs://matthew_files/model_files/images500/0f681ca6-b3e3-42d0-a34d-92bb1894bfa7_campaign_f241f585-6cb5-456d-bf0e-8e28936bc503.jpg,receipt,0.31,0.03,,,0.6,1.0,,
gs://matthew_files/model_files/images500/0f8e8dc5-b456-418e-90b3-c0c0e06641f9_campaign_f241f585-6cb5-456d-bf0e-8e28936bc503.jpg,receipt,0.13,0.07,,,0.84,0.92,,
gs://matthew_files/model_files/images500/0f910445-5255-4f70-8cff-097e810997ac_campaign_f241f585-6cb5-456d-bf0e-8e28936bc503.jpg,receipt,0.34,0.05,,,0.6,0.97,,
gs://matthew_files/model_files/images500/0fb82300-3a59-4131-8011-7a1af589cdc9_campaign_f241f585-6cb5-456d-bf0e-8e28936bc503.jpg,receipt,0.29,0.0,,,0.6,0.99,,
gs://matthew_files/model_files/images500/0fedaffa-deef-49d1-924a-1c8784f9412b_campaign_f241f585-6cb5-456d-bf0e-8e28936bc503.jpg,receipt,0.23,0.07,,,0.59,0.96,,
gs://matthew_files/model_files/images500/1a0f61d7-fa8d-48fe-ac2a-d82911b437a8_campaign_f241f585-6cb5-456d-bf0e-8e28936bc503.jpg,receipt,0.32,0.03,,,0.61,0.85,,
gs://matthew_files/model_files/images500/1a139a30-6ca0-4563-8efe-971c5075ccfc_campaign_f241f585-6cb5-456d-bf0e-8e28936bc503.jpg,receipt,0.3,0.03,,,0.64,0.92,,
gs://matthew_files/model_files/images500/1a1dd8e6-7926-42b1-b679-486f5a1cb049_campaign_f241f585-6cb5-456d-bf0e-8e28936bc503.jpg,receipt,0.24,0.09,,,0.71,0.86,,
gs://matthew_files/model_files/images500/1a2136ef-28a1-41ab-b2e4-9d163c1f5e5d_campaign_f241f585-6cb5-456d-bf0e-8e28936bc503.jpg,receipt,0.17,0.05,,,0.72,0.99,,
gs://matthew_files/model_files/images500/1a2f0bd1-d4fd-4327-91f8-e0174242470f_campaign_f241f585-6cb5-456d-bf0e-8e28936bc503.jpg,receipt,0.34,0.01,,,0.67,0.9,,
gs://matthew_files/model_files/images500/1a454138-20ef-46c3-9523-c692baa61e17_campaign_f241f585-6cb5-456d-bf0e-8e28936bc503.jpg,receipt,0.19,0.07,,,0.69,0.86,,
gs://matthew_files/model_files/images500/1a9d7acc-6d6f-4ec3-8af5-abf176fb0a7e_campaign_f241f585-6cb5-456d-bf0e-8e28936bc503.jpg,receipt,0.31,0.01,,,0.65,0.93,,
gs://matthew_files/model_files/images500/1afed953-101c-43ae-bbc7-29ece7dae7c5_campaign_f241f585-6cb5-456d-bf0e-8e28936bc503.jpg,receipt,0.35,0.08,,,0.66,0.95,,
gs://matthew_files/model_files/images500/1b045094-069c-4efe-ab4b-cc2676bd0d49_campaign_f241f585-6cb5-456d-bf0e-8e28936bc503.jpg,receipt,0.34,0.0,,,0.67,0.9,,
gs://matthew_files/model_files/images500/1b1e5d08-358a-47dd-9d57-4e9c20f89560_campaign_f241f585-6cb5-456d-bf0e-8e28936bc503.jpg,receipt,0.25,0.05,,,0.61,0.99,,
gs://matthew_files/model_files/images500/1b2385d6-4e64-4686-809b-d10dd410cae4_campaign_f241f585-6cb5-456d-bf0e-8e28936bc503.jpg,receipt,0.37,0.03,,,0.6,0.89,,
gs://matthew_files/model_files/images500/1b7d2987-db08-4131-9a06-64c11c668951_campaign_f241f585-6cb5-456d-bf0e-8e28936bc503.jpg,receipt,0.27,0.12,,,0.81,0.94,,
gs://matthew_files/model_files/images500/1ba13149-b741-4459-b61c-9be7c18c1c19_campaign_f241f585-6cb5-456d-bf0e-8e28936bc503.jpg,receipt,0.22,0.03,,,0.61,0.97,,
gs://matthew_files/model_files/images500/1ba18971-8418-4add-b551-ff61e87de94e_campaign_f241f585-6cb5-456d-bf0e-8e28936bc503.jpg,receipt,0.41,0.01,,,0.65,0.89,,
gs://matthew_files/model_files/images500/1bb4314f-41fe-4d03-bc57-f9b0e5a565b0_campaign_f241f585-6cb5-456d-bf0e-8e28936bc503.jpg,receipt,0.17,0.12,,,0.66,0.9,,
gs://matthew_files/model_files/images500/1bb46ac3-1ca1-48e3-a533-09f7bf0aa089_campaign_f241f585-6cb5-456d-bf0e-8e28936bc503.jpg,receipt,0.32,0.11,,,0.65,0.97,,
gs://matthew_files/model_files/images500/1bca4e8e-ba38-4051-8403-c08a553a498d_campaign_f241f585-6cb5-456d-bf0e-8e28936bc503.jpg,receipt,0.31,0.05,,,0.6,0.95,,
gs://matthew_files/model_files/images500/1bdf77f0-e139-4d5b-a21b-2317661ce3aa_campaign_f241f585-6cb5-456d-bf0e-8e28936bc503.jpg,receipt,0.16,0.17,,,0.69,0.92,,
gs://matthew_files/model_files/images500/1be5da5e-382e-4374-bcb1-5de952137dc0_campaign_f241f585-6cb5-456d-bf0e-8e28936bc503.jpg,receipt,0.25,0.02,,,0.7,0.94,,
gs://matthew_files/model_files/images500/1c03af0f-e447-44f5-95ab-6167bdb37696_campaign_f241f585-6cb5-456d-bf0e-8e28936bc503.jpg,receipt,0.31,0.1,,,0.61,0.9,,
gs://matthew_files/model_files/images500/1c3b7e85-1db0-47a4-81d9-22fc6642395f_campaign_f241f585-6cb5-456d-bf0e-8e28936bc503.jpg,receipt,0.27,0.02,,,0.63,1.0,,
gs://matthew_files/model_files/images500/1c5c7959-29a3-4ec2-87cd-c8372cecfd6d_campaign_f241f585-6cb5-456d-bf0e-8e28936bc503.jpg,receipt,0.33,0.08,,,0.64,0.84,,
gs://matthew_files/model_files/images500/1cd72353-0e28-4458-9877-37b1a3e9b56e_campaign_f241f585-6cb5-456d-bf0e-8e28936bc503.jpg,receipt,0.19,0.05,,,0.71,0.99,,
gs://matthew_files/model_files/images500/1cec893b-c5a0-408c-a100-1b97a518a420_campaign_f241f585-6cb5-456d-bf0e-8e28936bc503.jpg,receipt,0.13,0.01,,,0.62,0.99,,
gs://matthew_files/model_files/images500/1cfa752d-19f7-46b0-80e2-05be3d263184_campaign_f241f585-6cb5-456d-bf0e-8e28936bc503.jpg,receipt,0.29,0.02,,,0.61,0.98,,
gs://matthew_files/model_files/images500/1d2363b5-5231-49f5-b661-b947ef9599ef_campaign_f241f585-6cb5-456d-bf0e-8e28936bc503.jpg,receipt,0.21,0.08,,,0.74,0.91,,
gs://matthew_files/model_files/images500/1d3d1002-55f8-4e50-811d-36bcb4072573_campaign_f241f585-6cb5-456d-bf0e-8e28936bc503.jpg,receipt,0.32,0.03,,,0.6,0.9,,
gs://matthew_files/model_files/images500/1d3d2c00-35bd-44a6-850c-5ed2856a2e84_campaign_f241f585-6cb5-456d-bf0e-8e28936bc503.jpg,receipt,0.19,0.06,,,0.7,0.97,,
gs://matthew_files/model_files/images500/1d54f2d5-5e4e-4423-8d5b-374da29b144f_campaign_f241f585-6cb5-456d-bf0e-8e28936bc503.jpg,receipt,0.36,0.02,,,0.66,1.0,,
gs://matthew_files/model_files/images500/1d5c3122-1538-42d7-b7f4-df69fb65d970_campaign_f241f585-6cb5-456d-bf0e-8e28936bc503.jpg,receipt,0.26,0.04,,,0.64,1.0,,
gs://matthew_files/model_files/images500/1d706ff3-0810-4853-83c8-6e3d8d6fed33_campaign_f241f585-6cb5-456d-bf0e-8e28936bc503.jpg,receipt,0.33,0.07,,,0.61,0.96,,
gs://matthew_files/model_files/images500/1dd06d59-91c5-4b06-a8b9-fda238025457_campaign_f241f585-6cb5-456d-bf0e-8e28936bc503.jpg,receipt,0.3,0.04,,,0.7,0.87,,
gs://matthew_files/model_files/images500/1df8d167-8cd5-497c-bfd8-7029210ffe83_campaign_f241f585-6cb5-456d-bf0e-8e28936bc503.jpg,receipt,0.16,0.04,,,0.68,0.99,,
gs://matthew_files/model_files/images500/1e109acc-dc0d-4d22-8782-77d7f02cdb91_campaign_f241f585-6cb5-456d-bf0e-8e28936bc503.jpg,receipt,0.27,0.05,,,0.63,0.99,,
gs://matthew_files/model_files/images500/1e262da9-d761-4d74-903e-a87b5b943ceb_campaign_f241f585-6cb5-456d-bf0e-8e28936bc503.jpg,receipt,0.12,0.13,,,0.83,0.98,,
gs://matthew_files/model_files/images500/1e2d5884-8037-4f10-966a-609de48deb14_campaign_f241f585-6cb5-456d-bf0e-8e28936bc503.jpg,receipt,0.2,0.13,,,0.66,0.85,,
gs://matthew_files/model_files/images500/1ea10a9a-5d09-462d-9d0c-28ea12089555_campaign_f241f585-6cb5-456d-bf0e-8e28936bc503.jpg,receipt,0.39,0.02,,,0.64,0.97,,
gs://matthew_files/model_files/images500/1ec42900-f847-4978-bd76-fe5e0f5cccdf_campaign_f241f585-6cb5-456d-bf0e-8e28936bc503.jpg,receipt,0.12,0.12,,,0.65,0.96,,
gs://matthew_files/model_files/images500/1ecf759c-2522-4e67-a8b2-7388158c479c_campaign_f241f585-6cb5-456d-bf0e-8e28936bc503.jpg,receipt,0.25,0.01,,,0.72,0.86,,
gs://matthew_files/model_files/images500/1ee206bc-3dd7-496a-8936-b71df4a7b115_campaign_f241f585-6cb5-456d-bf0e-8e28936bc503.jpg,receipt,0.29,0.0,,,0.61,0.98,,
gs://matthew_files/model_files/images500/1f352a71-0463-4c18-a500-b20b355053ec_campaign_f241f585-6cb5-456d-bf0e-8e28936bc503.jpg,receipt,0.27,0.06,,,0.66,0.96,,
gs://matthew_files/model_files/images500/1f3c2c8c-036f-4466-9fb2-d035ce48f097_campaign_f241f585-6cb5-456d-bf0e-8e28936bc503.jpg,receipt,0.29,0.09,,,0.62,0.96,,
gs://matthew_files/model_files/images500/1f43d7fe-ae40-4939-a1cc-0c2e911b3754_campaign_f241f585-6cb5-456d-bf0e-8e28936bc503.jpg,receipt,0.21,0.09,,,0.62,0.91,,
gs://matthew_files/model_files/images500/1f500338-0421-45db-bdc0-b8bf4e50b8b0_campaign_f241f585-6cb5-456d-bf0e-8e28936bc503.jpg,receipt,0.34,0.04,,,0.71,0.96,,
gs://matthew_files/model_files/images500/1f9fa0e7-f156-4b99-b83a-9e63960ba89a_campaign_f241f585-6cb5-456d-bf0e-8e28936bc503.jpg,receipt,0.35,0.02,,,0.64,0.99,,
gs://matthew_files/model_files/images500/1fa24dd0-ba07-487c-b716-136d9c2de139_campaign_f241f585-6cb5-456d-bf0e-8e28936bc503.jpg,receipt,0.2,0.16,,,0.75,0.86,,
gs://matthew_files/model_files/images500/1fd3df3a-9caa-4963-83b4-551d54a7d9a7_campaign_f241f585-6cb5-456d-bf0e-8e28936bc503.jpg,receipt,0.18,0.14,,,0.76,0.75,,
gs://matthew_files/model_files/images500/1fd6e848-33fe-45a6-a930-86dcb2a4f19a_campaign_111e0760-9064-4f60-b7af-f743a6c23ef6.jpg,receipt,0.3,0.01,,,0.72,0.99,,
gs://matthew_files/model_files/images500/2a0b88d8-e414-4608-80e2-9dc0a80deb10_campaign_f241f585-6cb5-456d-bf0e-8e28936bc503.jpg,receipt,0.23,0.38,,,0.74,0.84,,
gs://matthew_files/model_files/images500/2a2dafa0-8c5f-41c2-8084-ba7609d955f2_campaign_f241f585-6cb5-456d-bf0e-8e28936bc503.jpg,receipt,0.2,0.0,,,0.69,0.95,,
gs://matthew_files/model_files/images500/2a5fdf29-feab-4f93-937f-584d17c53fb8_campaign_f241f585-6cb5-456d-bf0e-8e28936bc503.jpg,receipt,0.27,0.06,,,0.57,0.99,,
gs://matthew_files/model_files/images500/2a7a0309-e227-4eb5-8ffa-5cb9ff870375_campaign_f241f585-6cb5-456d-bf0e-8e28936bc503.jpg,receipt,0.24,0.02,,,0.61,1.0,,
gs://matthew_files/model_files/images500/2a8f5676-1dcd-415e-8f32-38dfc894e51a_campaign_f241f585-6cb5-456d-bf0e-8e28936bc503.jpg,receipt,0.35,0.04,,,0.58,0.97,,
gs://matthew_files/model_files/images500/2a780307-7256-4dfd-98ae-f4f20ee1263f_campaign_f241f585-6cb5-456d-bf0e-8e28936bc503.jpg,receipt,0.12,0.0,,,0.75,0.97,,
gs://matthew_files/model_files/images500/2abf307e-4749-42f4-8990-ac83da983122_campaign_f241f585-6cb5-456d-bf0e-8e28936bc503.jpg,receipt,0.38,0.01,,,0.62,0.87,,
gs://matthew_files/model_files/images500/2ac2d46a-f247-418c-95b0-1d62debeef4a_campaign_f241f585-6cb5-456d-bf0e-8e28936bc503.jpg,receipt,0.28,0.1,,,0.74,0.87,,
gs://matthew_files/model_files/images500/2acabc55-393a-4719-953c-bebb7854af4e_campaign_f241f585-6cb5-456d-bf0e-8e28936bc503.jpg,receipt,0.32,0.05,,,0.6,0.94,,
gs://matthew_files/model_files/images500/2b3acce5-1deb-4596-8613-6c354160dcb1_campaign_f241f585-6cb5-456d-bf0e-8e28936bc503.jpg,receipt,0.34,0.05,,,0.64,0.96,,
gs://matthew_files/model_files/images500/2b5e993a-f8be-4a71-8dcc-3cc70ba5e7e0_campaign_f241f585-6cb5-456d-bf0e-8e28936bc503.jpg,receipt,0.18,0.07,,,0.69,0.9,,
gs://matthew_files/model_files/images500/2b5f81ae-c216-486c-93a5-7ac11913f6d2_campaign_f241f585-6cb5-456d-bf0e-8e28936bc503.jpg,receipt,0.36,0.05,,,0.67,0.89,,
gs://matthew_files/model_files/images500/2b79fdce-bf3c-48be-868a-5b9cd0e6fbfc_campaign_f241f585-6cb5-456d-bf0e-8e28936bc503.jpg,receipt,0.22,0.14,,,0.63,0.85,,
gs://matthew_files/model_files/images500/2b207abf-08a2-4c96-a6cf-af809177d091_campaign_f241f585-6cb5-456d-bf0e-8e28936bc503.jpg,receipt,0.15,0.19,,,0.77,0.81,,
gs://matthew_files/model_files/images500/2b6366d1-f3cd-4bba-875f-8284539c79e5_campaign_f241f585-6cb5-456d-bf0e-8e28936bc503.jpg,receipt,0.35,0.05,,,0.63,0.89,,
gs://matthew_files/model_files/images500/2b85522e-3a41-4fa8-9c95-0a282cd162b6_campaign_f241f585-6cb5-456d-bf0e-8e28936bc503.jpg,receipt,0.32,0.03,,,0.62,1.0,,
gs://matthew_files/model_files/images500/2bc4335f-f26f-4b65-861b-288b2450a740_campaign_f241f585-6cb5-456d-bf0e-8e28936bc503.jpg,receipt,0.25,0.03,,,0.52,0.85,,
gs://matthew_files/model_files/images500/2bdde3e8-24d0-434b-ad89-b155cd8b22dc_campaign_f241f585-6cb5-456d-bf0e-8e28936bc503.jpg,receipt,0.19,0.11,,,0.71,0.89,,
gs://matthew_files/model_files/images500/2c2e410b-45a8-47ae-96ef-b34f2b73bfd6_campaign_f241f585-6cb5-456d-bf0e-8e28936bc503.jpg,receipt,0.11,0.08,,,0.87,0.95,,
gs://matthew_files/model_files/images500/02c5f82c-6bd4-47d6-b814-01a056ef1ea6_campaign_f241f585-6cb5-456d-bf0e-8e28936bc503.jpg,receipt,0.27,0.07,,,0.58,0.95,,
gs://matthew_files/model_files/images500/02c6c75e-8c3a-43c0-be9d-bb818b7a1c05_campaign_f241f585-6cb5-456d-bf0e-8e28936bc503.jpg,receipt,0.27,0.04,,,0.58,0.94,,
gs://matthew_files/model_files/images500/2c90caa2-425f-4c69-9f63-b58bc2f96e8f_campaign_f241f585-6cb5-456d-bf0e-8e28936bc503.jpg,receipt,0.22,0.06,,,0.61,0.95,,
gs://matthew_files/model_files/images500/2c265c4e-3903-4e2e-965c-b82925d9dead_campaign_f241f585-6cb5-456d-bf0e-8e28936bc503.jpg,receipt,0.2,0.07,,,0.68,0.93,,
gs://matthew_files/model_files/images500/2c780c57-e01b-4b16-859a-c347bad477c1_campaign_f241f585-6cb5-456d-bf0e-8e28936bc503.jpg,receipt,0.27,0.15,,,0.7,0.87,,
gs://matthew_files/model_files/images500/2cb11d5f-6328-4aa7-a916-5faf1ca5dbd7_campaign_f241f585-6cb5-456d-bf0e-8e28936bc503.jpg,receipt,0.25,0.06,,,0.57,0.99,,
gs://matthew_files/model_files/images500/2cb124ca-1a61-406f-8e1a-2d2b9436290d_campaign_f241f585-6cb5-456d-bf0e-8e28936bc503.jpg,receipt,0.23,0.01,,,0.72,0.91,,
gs://matthew_files/model_files/images500/2cbf04ab-4a40-4a6a-8a89-dbc86185f4ab_campaign_f241f585-6cb5-456d-bf0e-8e28936bc503.jpg,receipt,0.31,0.0,,,0.64,1.0,,
gs://matthew_files/model_files/images500/2cc89478-d497-4163-a624-08958678373c_campaign_f241f585-6cb5-456d-bf0e-8e28936bc503.jpg,receipt,0.18,0.08,,,0.7,0.95,,
gs://matthew_files/model_files/images500/2ce84688-0ebe-45af-a576-5713adf24bc0_campaign_f241f585-6cb5-456d-bf0e-8e28936bc503.jpg,receipt,0.19,0.09,,,0.69,0.93,,
gs://matthew_files/model_files/images500/2d6fdb17-a754-4dbd-91e4-df939882c9f8_campaign_f241f585-6cb5-456d-bf0e-8e28936bc503.jpg,receipt,0.27,0.07,,,0.7,0.93,,
gs://matthew_files/model_files/images500/2d14a9e4-6fd8-4cf3-9387-3126ec6e933c_campaign_f241f585-6cb5-456d-bf0e-8e28936bc503.jpg,receipt,0.34,0.0,,,0.58,1.0,,
gs://matthew_files/model_files/images500/2d075f14-2a7d-4858-81a7-ac9c889fbb56_campaign_f241f585-6cb5-456d-bf0e-8e28936bc503.jpg,receipt,0.28,0.11,,,0.66,1.0,,
gs://matthew_files/model_files/images500/2d414b0b-f9a6-4944-8bf9-b8bcef751ced_campaign_f241f585-6cb5-456d-bf0e-8e28936bc503.jpg,receipt,0.3,0.08,,,0.7,0.99,,
gs://matthew_files/model_files/images500/2debf2e6-4415-41f1-94ee-a8533677347e_campaign_f241f585-6cb5-456d-bf0e-8e28936bc503.jpg,receipt,0.23,0.05,,,0.68,1.0,,
gs://matthew_files/model_files/images500/2defe170-3e4b-4e9f-a026-7251896f2694_campaign_f241f585-6cb5-456d-bf0e-8e28936bc503.jpg,receipt,0.23,0.06,,,0.61,1.0,,
gs://matthew_files/model_files/images500/2e0adf11-8e0b-4966-bf5a-1e9d90680895_campaign_f241f585-6cb5-456d-bf0e-8e28936bc503.jpg,receipt,0.19,0.12,,,0.73,0.83,,
gs://matthew_files/model_files/images500/2e2ec01b-024a-4f26-b8fc-cb7720b7b507_campaign_f241f585-6cb5-456d-bf0e-8e28936bc503.jpg,receipt,0.36,0.05,,,0.58,0.98,,
gs://matthew_files/model_files/images500/2e4a8091-b052-48b5-a3b7-75ef588d255e_campaign_f241f585-6cb5-456d-bf0e-8e28936bc503.jpg,receipt,0.19,0.2,,,0.72,0.85,,
gs://matthew_files/model_files/images500/2e5a69f3-1ee6-46c8-a829-6d4b0d6ac4c7_campaign_f241f585-6cb5-456d-bf0e-8e28936bc503.jpg,receipt,0.3,0.09,,,0.66,0.96,,
gs://matthew_files/model_files/images500/2e7da537-1847-4748-a58d-899538b3a915_campaign_f241f585-6cb5-456d-bf0e-8e28936bc503.jpg,receipt,0.33,0.0,,,0.65,0.97,,
gs://matthew_files/model_files/images500/2e032e27-a0aa-45eb-aaaa-1511bc8ed208_campaign_f241f585-6cb5-456d-bf0e-8e28936bc503.jpg,receipt,0.24,0.04,,,0.67,0.89,,
gs://matthew_files/model_files/images500/2e84cec6-468c-490a-bb0c-8e55cc610ee0_campaign_f241f585-6cb5-456d-bf0e-8e28936bc503.jpg,receipt,0.35,0.05,,,0.67,0.99,,
gs://matthew_files/model_files/images500/2e280f4b-a3d3-4033-bfb0-3f486d92a5f1_campaign_f241f585-6cb5-456d-bf0e-8e28936bc503.jpg,receipt,0.37,0.05,,,0.59,0.97,,
gs://matthew_files/model_files/images500/2e5910de-2afc-478c-a23d-6214b6183546_campaign_f241f585-6cb5-456d-bf0e-8e28936bc503.jpg,receipt,0.36,0.05,,,0.66,0.96,,
gs://matthew_files/model_files/images500/2ec61bb4-8744-4af0-b9cc-ae23215210d6_campaign_f241f585-6cb5-456d-bf0e-8e28936bc503.jpg,receipt,0.26,0.01,,,0.6,0.97,,
gs://matthew_files/model_files/images500/2edd7b23-6778-44a3-bf82-0ae4dceda377_campaign_f241f585-6cb5-456d-bf0e-8e28936bc503.jpg,receipt,0.3,0.0,,,0.68,1.0,,
gs://matthew_files/model_files/images500/02eec004-e57d-44b1-8bd3-296ff1b6f16c_campaign_f241f585-6cb5-456d-bf0e-8e28936bc503.jpg,receipt,0.39,0.04,,,0.61,0.88,,
gs://matthew_files/model_files/images500/2f0e1eec-d7d8-403c-8fd6-77152c3c9e61_campaign_f241f585-6cb5-456d-bf0e-8e28936bc503.jpg,receipt,0.26,0.07,,,0.61,0.98,,
gs://matthew_files/model_files/images500/2f5a6776-8e3b-4e3a-87eb-d5d3c8ef79ef_campaign_f241f585-6cb5-456d-bf0e-8e28936bc503.jpg,receipt,0.34,0.04,,,0.61,0.91,,
gs://matthew_files/model_files/images500/2f74b287-68ba-44bc-a4ab-6cb4f241657c_campaign_f241f585-6cb5-456d-bf0e-8e28936bc503.jpg,receipt,0.2,0.04,,,0.71,1.0,,
gs://matthew_files/model_files/images500/2f462e5f-b647-4f77-892d-1c7de4514fff_campaign_f241f585-6cb5-456d-bf0e-8e28936bc503.jpg,receipt,0.35,0.06,,,0.62,1.0,,
gs://matthew_files/model_files/images500/2f8556f5-2aed-47e9-b31b-dfc2c5e59733_campaign_f241f585-6cb5-456d-bf0e-8e28936bc503.jpg,receipt,0.3,0.07,,,0.79,0.83,,
gs://matthew_files/model_files/images500/2f082223-8e6c-49c9-b3c0-bcc9cdc14c37_campaign_333f26a8-cfcf-4b36-a770-1a80de958c59.jpg,receipt,0.11,0.13,,,0.87,0.93,,
gs://matthew_files/model_files/images500/2fa21351-fbc9-42ca-95b1-b3ff41eb1618_campaign_f241f585-6cb5-456d-bf0e-8e28936bc503.jpg,receipt,0.2,0.09,,,0.68,0.93,,
gs://matthew_files/model_files/images500/2fd3c62f-cc07-4e43-9e5a-6567ad6f7c35_campaign_f241f585-6cb5-456d-bf0e-8e28936bc503.jpg,receipt,0.24,0.11,,,0.76,0.98,,
gs://matthew_files/model_files/images500/3a4a5422-434e-4874-9900-c10cef690a32_campaign_f241f585-6cb5-456d-bf0e-8e28936bc503.jpg,receipt,0.27,0.07,,,0.6,0.84,,
gs://matthew_files/model_files/images500/3a45d0ed-e6b1-445b-87fe-8c1202bc03ac_campaign_f241f585-6cb5-456d-bf0e-8e28936bc503.jpg,receipt,0.29,0.01,,,0.7,0.98,,
gs://matthew_files/model_files/images500/03a61cf6-ffd5-4172-93db-067e55dbed4f_campaign_f241f585-6cb5-456d-bf0e-8e28936bc503.jpg,receipt,0.32,0.03,,,0.65,0.94,,
gs://matthew_files/model_files/images500/3a527beb-1c76-4966-a8fa-300b8d34eb0b_campaign_f241f585-6cb5-456d-bf0e-8e28936bc503.jpg,receipt,0.33,0.03,,,0.66,0.94,,
gs://matthew_files/model_files/images500/3a895fbb-18a4-4644-a3c7-9a875d723a6e_campaign_f241f585-6cb5-456d-bf0e-8e28936bc503.jpg,receipt,0.16,0.11,,,0.78,0.89,,
gs://matthew_files/model_files/images500/3aae2018-caa0-41d6-b403-b7d4f1875bcc_campaign_f241f585-6cb5-456d-bf0e-8e28936bc503.jpg,receipt,0.24,0.03,,,0.6,0.88,,
gs://matthew_files/model_files/images500/3acba1f7-90fc-4e26-8194-698e07d68a39_campaign_f241f585-6cb5-456d-bf0e-8e28936bc503.jpg,receipt,0.3,0.02,,,0.62,0.96,,
gs://matthew_files/model_files/images500/3b9a2d06-4446-482e-8ee1-1f330db14813_campaign_f241f585-6cb5-456d-bf0e-8e28936bc503.jpg,receipt,0.33,0.01,,,0.64,0.93,,
gs://matthew_files/model_files/images500/3b46a6b5-e4f2-48c4-a961-cb42913f0978_campaign_f241f585-6cb5-456d-bf0e-8e28936bc503.jpg,receipt,0.34,0.08,,,0.63,0.95,,
gs://matthew_files/model_files/images500/3c0cfa01-330c-4708-bc5c-bd4b987d29fa_campaign_f241f585-6cb5-456d-bf0e-8e28936bc503.jpg,receipt,0.29,0.03,,,0.72,1.0,,
gs://matthew_files/model_files/images500/3c1d2b1c-7f25-4a30-9c6c-8b0984411273_campaign_f241f585-6cb5-456d-bf0e-8e28936bc503.jpg,receipt,0.26,0.06,,,0.68,0.93,,
gs://matthew_files/model_files/images500/3c6db32b-2644-454e-827f-94730f63202a_campaign_f241f585-6cb5-456d-bf0e-8e28936bc503.jpg,receipt,0.39,0.02,,,0.61,0.88,,
gs://matthew_files/model_files/images500/3c07ab7b-7340-4a2d-ad7b-6f877b808e4e_campaign_f241f585-6cb5-456d-bf0e-8e28936bc503.jpg,receipt,0.2,0.08,,,0.8,0.91,,
gs://matthew_files/model_files/images500/3c9dec7c-6ff5-47ef-9e3b-fb6867b5e331_campaign_f241f585-6cb5-456d-bf0e-8e28936bc503.jpg,receipt,0.34,0.03,,,0.67,0.95,,
gs://matthew_files/model_files/images500/3c1531c5-07b2-4697-8e18-1b29f8f994ab_campaign_f241f585-6cb5-456d-bf0e-8e28936bc503.jpg,receipt,0.29,0.06,,,0.66,0.94,,
gs://matthew_files/model_files/images500/3ca3dc57-293c-4eaf-a613-36ee9008efe8_campaign_f241f585-6cb5-456d-bf0e-8e28936bc503.jpg,receipt,0.24,0.05,,,0.69,0.97,,
gs://matthew_files/model_files/images500/3ca9799f-9aad-4a33-a568-ec276fc73dcb_campaign_f241f585-6cb5-456d-bf0e-8e28936bc503.jpg,receipt,0.33,0.07,,,0.68,0.87,,
gs://matthew_files/model_files/images500/3ce1de8c-0bf7-478a-b5a4-74ea95056852_campaign_f241f585-6cb5-456d-bf0e-8e28936bc503.jpg,receipt,0.27,0.02,,,0.64,0.94,,
gs://matthew_files/model_files/images500/3ceead7b-e506-4deb-bba4-02d5b37fb7c4_campaign_f241f585-6cb5-456d-bf0e-8e28936bc503.jpg,receipt,0.3,0.04,,,0.61,0.93,,
gs://matthew_files/model_files/images500/3d6ca634-6f38-45d2-9515-78eb64f017cf_campaign_f241f585-6cb5-456d-bf0e-8e28936bc503.jpg,receipt,0.22,0.06,,,0.67,0.96,,
gs://matthew_files/model_files/images500/3d7b4cb8-ffe0-4451-b407-a77f939d572f_campaign_f241f585-6cb5-456d-bf0e-8e28936bc503.jpg,receipt,0.15,0.07,,,0.66,0.93,,
gs://matthew_files/model_files/images500/3d29f4b5-f2d6-49cc-aa3f-6bbc99e44129_campaign_f241f585-6cb5-456d-bf0e-8e28936bc503.jpg,receipt,0.25,0.08,,,0.62,0.97,,
gs://matthew_files/model_files/images500/3d48fb12-b8a8-4b2b-9055-200f8609e659_campaign_f241f585-6cb5-456d-bf0e-8e28936bc503.jpg,receipt,0.31,0.04,,,0.57,0.99,,
gs://matthew_files/model_files/images500/3d513f8d-59ba-45af-8321-71088b0402e6_campaign_f241f585-6cb5-456d-bf0e-8e28936bc503.jpg,receipt,0.13,0.09,,,0.75,0.88,,
gs://matthew_files/model_files/images500/3d657493-1faa-42eb-82ef-25a9862c5188_campaign_f241f585-6cb5-456d-bf0e-8e28936bc503.jpg,receipt,0.27,0.0,,,0.65,0.97,,
gs://matthew_files/model_files/images500/3dbdea11-c7bc-4fea-a07d-2916267bbbb6_campaign_f241f585-6cb5-456d-bf0e-8e28936bc503.jpg,receipt,0.19,0.11,,,0.66,0.95,,
gs://matthew_files/model_files/images500/03dcb4d8-f080-4de3-851f-a38f38d55924_campaign_f241f585-6cb5-456d-bf0e-8e28936bc503.jpg,receipt,0.2,0.04,,,0.62,0.98,,
gs://matthew_files/model_files/images500/3de5123d-2329-4728-8371-e4a76cdb8b20_campaign_f241f585-6cb5-456d-bf0e-8e28936bc503.jpg,receipt,0.31,0.07,,,0.72,0.85,,
gs://matthew_files/model_files/images500/3dfaf031-b7b2-436d-9962-23bbf1d40114_campaign_f241f585-6cb5-456d-bf0e-8e28936bc503.jpg,receipt,0.31,0.06,,,0.65,0.97,,
gs://matthew_files/model_files/images500/3e3f395e-c15d-46a9-876c-cef1661d1304_campaign_f241f585-6cb5-456d-bf0e-8e28936bc503.jpg,receipt,0.32,0.04,,,0.56,0.98,,
gs://matthew_files/model_files/images500/3e4b01b1-0030-4264-8cf3-d8ca6b28bab6_campaign_f241f585-6cb5-456d-bf0e-8e28936bc503.jpg,receipt,0.31,0.07,,,0.63,0.98,,
gs://matthew_files/model_files/images500/3e5f68d3-29e6-49a9-a385-2f9bf985b66a_campaign_f241f585-6cb5-456d-bf0e-8e28936bc503.jpg,receipt,0.24,0.02,,,0.77,0.92,,
gs://matthew_files/model_files/images500/03e15f3b-8db8-482a-8ea1-ef1e804ffbf5_campaign_f241f585-6cb5-456d-bf0e-8e28936bc503.jpg,receipt,0.26,0.16,,,0.71,0.96,,
gs://matthew_files/model_files/images500/3e9668f9-0e35-4b5e-a900-6a1f138acd23_campaign_f241f585-6cb5-456d-bf0e-8e28936bc503.jpg,receipt,0.21,0.09,,,0.68,0.97,,
gs://matthew_files/model_files/images500/3ed91f4e-af89-4283-ac29-c6c991ca84c2_campaign_f241f585-6cb5-456d-bf0e-8e28936bc503.jpg,receipt,0.33,0.08,,,0.65,0.93,,
gs://matthew_files/model_files/images500/3f00ebc0-06ab-4ae0-afd5-a1e859ca94fd_campaign_f241f585-6cb5-456d-bf0e-8e28936bc503.jpg,receipt,0.19,0.05,,,0.71,0.97,,
gs://matthew_files/model_files/images500/3f8bfa2e-8d20-493a-b18e-eeb0c4d4ed52_campaign_f241f585-6cb5-456d-bf0e-8e28936bc503.jpg,receipt,0.29,0.03,,,0.63,0.98,,
gs://matthew_files/model_files/images500/3f8f171a-2890-49b6-bb86-f59fe5274356_campaign_f241f585-6cb5-456d-bf0e-8e28936bc503.jpg,receipt,0.34,0.12,,,0.61,0.98,,
gs://matthew_files/model_files/images500/3f38c851-bb58-4864-b2f0-14892457cd9c_campaign_f241f585-6cb5-456d-bf0e-8e28936bc503.jpg,receipt,0.26,0.01,,,0.64,0.96,,
gs://matthew_files/model_files/images500/03f93f33-20ff-44d2-9661-6c730c044e26_campaign_f241f585-6cb5-456d-bf0e-8e28936bc503.jpg,receipt,0.34,0.07,,,0.66,0.89,,
gs://matthew_files/model_files/images500/3f13596f-c0ce-4391-9842-1bbd228d3712_campaign_f241f585-6cb5-456d-bf0e-8e28936bc503.jpg,receipt,0.19,0.02,,,0.79,0.9,,
gs://matthew_files/model_files/images500/3fe909bc-d61c-4f0d-ad29-faba60a14c37_campaign_f241f585-6cb5-456d-bf0e-8e28936bc503.jpg,receipt,0.26,0.04,,,0.66,0.99,,
gs://matthew_files/model_files/images500/3fea26c2-743d-4efb-a084-1fb348b25259_campaign_f241f585-6cb5-456d-bf0e-8e28936bc503.jpg,receipt,0.22,0.04,,,0.71,0.84,,
gs://matthew_files/model_files/images500/3ff463bf-fbd7-4e90-b492-0a69fe4df6b9_campaign_f241f585-6cb5-456d-bf0e-8e28936bc503.jpg,receipt,0.36,0.02,,,0.56,0.98,,
gs://matthew_files/model_files/images500/4a2cde8e-c184-4603-889d-7120cb9a058b_campaign_f241f585-6cb5-456d-bf0e-8e28936bc503.jpg,receipt,0.39,0.04,,,0.61,1.0,,
gs://matthew_files/model_files/images500/4a4bbc4e-c43c-4046-8780-07b1ee85bc76_campaign_f241f585-6cb5-456d-bf0e-8e28936bc503.jpg,receipt,0.12,0.22,,,0.78,0.84,,
gs://matthew_files/model_files/images500/4a7e1656-234a-4065-8820-0f7a7ae687b6_campaign_f241f585-6cb5-456d-bf0e-8e28936bc503.jpg,receipt,0.27,0.06,,,0.57,0.86,,
gs://matthew_files/model_files/images500/4a325dc2-3db1-4b2b-bc97-53f21cc9653b_campaign_f241f585-6cb5-456d-bf0e-8e28936bc503.jpg,receipt,0.16,0.1,,,0.75,0.89,,
gs://matthew_files/model_files/images500/4ab2bf7f-0916-4301-9c1d-adb97815dab9_campaign_f241f585-6cb5-456d-bf0e-8e28936bc503.jpg,receipt,0.21,0.04,,,0.73,0.94,,
gs://matthew_files/model_files/images500/4abe7ff0-0f04-4da0-933d-3079f242874b_campaign_f241f585-6cb5-456d-bf0e-8e28936bc503.jpg,receipt,0.28,0.01,,,0.65,0.96,,
gs://matthew_files/model_files/images500/4acc8ed4-61dd-4bea-ba7b-ee17fda0e762_campaign_f241f585-6cb5-456d-bf0e-8e28936bc503.jpg,receipt,0.32,0.07,,,0.59,0.89,,
gs://matthew_files/model_files/images500/4ae63f25-f249-4404-8afa-6818f90aab44_campaign_f241f585-6cb5-456d-bf0e-8e28936bc503.jpg,receipt,0.31,0.03,,,0.7,0.98,,
gs://matthew_files/model_files/images500/4b6a8f52-3a38-4b5a-a691-929779854e2e_campaign_f241f585-6cb5-456d-bf0e-8e28936bc503.jpg,receipt,0.28,0.01,,,0.67,0.95,,
gs://matthew_files/model_files/images500/4bb65236-5d2d-41bd-8c6c-541a96fc448e_campaign_f241f585-6cb5-456d-bf0e-8e28936bc503.jpg,receipt,0.29,0.06,,,0.62,0.98,,
gs://matthew_files/model_files/images500/4c1adb09-d0b4-4a1a-a77d-7c0aa32dee76_campaign_f241f585-6cb5-456d-bf0e-8e28936bc503.jpg,receipt,0.39,0.02,,,0.7,0.97,,
gs://matthew_files/model_files/images500/4c3a8dd2-7e2b-4e45-ab1b-86f08657e0e5_campaign_f241f585-6cb5-456d-bf0e-8e28936bc503.jpg,receipt,0.28,0.01,,,0.65,0.94,,
gs://matthew_files/model_files/images500/4c3c523e-6f98-44f2-bb4f-cf0153137f61_campaign_f241f585-6cb5-456d-bf0e-8e28936bc503.jpg,receipt,0.32,0.03,,,0.58,0.91,,
gs://matthew_files/model_files/images500/4c8a73fd-1b07-4f38-a3b6-5c4ea441feb5_campaign_f241f585-6cb5-456d-bf0e-8e28936bc503.jpg,receipt,0.3,0.12,,,0.66,0.98,,
gs://matthew_files/model_files/images500/4c9d8b66-0660-4b51-9f8c-9dd39c5c2f1c_campaign_f241f585-6cb5-456d-bf0e-8e28936bc503.jpg,receipt,0.26,0.11,,,0.75,0.88,,
gs://matthew_files/model_files/images500/4c518aec-3d97-4350-b210-80aaa85a4379_campaign_f241f585-6cb5-456d-bf0e-8e28936bc503.jpg,receipt,0.29,0.02,,,0.67,0.95,,
gs://matthew_files/model_files/images500/4c753ed3-6c01-4d71-9c0a-53308599b61d_campaign_f241f585-6cb5-456d-bf0e-8e28936bc503.jpg,receipt,0.38,0.05,,,0.63,0.96,,
gs://matthew_files/model_files/images500/4c4877b3-3e43-45b2-9afd-3aebf1784323_campaign_f241f585-6cb5-456d-bf0e-8e28936bc503.jpg,receipt,0.27,0.01,,,0.6,0.97,,
gs://matthew_files/model_files/images500/4caa7ed5-2312-49df-949d-c32cb4801514_campaign_f241f585-6cb5-456d-bf0e-8e28936bc503.jpg,receipt,0.21,0.02,,,0.68,0.95,,
gs://matthew_files/model_files/images500/4cd59244-8f84-4e87-81d9-5cac4ff4a22c_campaign_f241f585-6cb5-456d-bf0e-8e28936bc503.jpg,receipt,0.15,0.21,,,0.6,0.74,,
gs://matthew_files/model_files/images500/4d0e7d81-4519-493f-bc40-e546ce85b42b_campaign_f241f585-6cb5-456d-bf0e-8e28936bc503.jpg,receipt,0.33,0.03,,,0.65,0.99,,
gs://matthew_files/model_files/images500/04d5d7aa-6d27-412a-af38-9da2b611e1f7_campaign_f241f585-6cb5-456d-bf0e-8e28936bc503.jpg,receipt,0.31,0.1,,,0.59,0.95,,
gs://matthew_files/model_files/images500/4d7b3f93-f5dc-47a8-9633-449c315a73db_campaign_f241f585-6cb5-456d-bf0e-8e28936bc503.jpg,receipt,0.33,0.05,,,0.65,0.99,,
gs://matthew_files/model_files/images500/4d40e557-50b0-4c86-bc23-0ea148a0dbf5_campaign_f241f585-6cb5-456d-bf0e-8e28936bc503.jpg,receipt,0.34,0.0,,,0.65,0.93,,
gs://matthew_files/model_files/images500/4d370eaf-0c8f-40a9-ae2f-74492376e9cd_campaign_f241f585-6cb5-456d-bf0e-8e28936bc503.jpg,receipt,0.27,0.04,,,0.75,0.91,,
gs://matthew_files/model_files/images500/4dc3beb1-1d5a-4a3c-9eba-6d15f1a4e0d1_campaign_f241f585-6cb5-456d-bf0e-8e28936bc503.jpg,receipt,0.27,0.04,,,0.65,0.95,,
gs://matthew_files/model_files/images500/4df3493b-ff22-4bb0-9296-6bcb64130fda_campaign_f241f585-6cb5-456d-bf0e-8e28936bc503.jpg,receipt,0.25,0.02,,,0.62,0.99,,
gs://matthew_files/model_files/images500/04e1ca99-4f57-414c-9cf4-36326f405d61_campaign_f241f585-6cb5-456d-bf0e-8e28936bc503.jpg,receipt,0.17,0.12,,,0.8,0.9,,
gs://matthew_files/model_files/images500/4e2bf34c-7674-48f5-8658-64c5e9936bfc_campaign_f241f585-6cb5-456d-bf0e-8e28936bc503.jpg,receipt,0.27,0.05,,,0.61,0.95,,
gs://matthew_files/model_files/images500/4e4c2ba4-5872-4027-8d24-32f974d83240_campaign_f241f585-6cb5-456d-bf0e-8e28936bc503.jpg,receipt,0.21,0.02,,,0.72,0.96,,
gs://matthew_files/model_files/images500/4e6eeda3-f365-4677-9b5a-5f5071b02c3b_campaign_f241f585-6cb5-456d-bf0e-8e28936bc503.jpg,receipt,0.28,0.03,,,0.68,0.97,,
gs://matthew_files/model_files/images500/4e7fd2f2-dbd5-4414-bfd4-bf6cbfd4ead5_campaign_f241f585-6cb5-456d-bf0e-8e28936bc503.jpg,receipt,0.32,0.08,,,0.63,0.91,,
gs://matthew_files/model_files/images500/4e61487c-ab55-4dd7-ae11-7802f802cc14_campaign_f241f585-6cb5-456d-bf0e-8e28936bc503.jpg,receipt,0.16,0.15,,,0.68,0.97,,
gs://matthew_files/model_files/images500/4e66046c-9c83-43ff-9f5c-0f92c7c47ead_campaign_f241f585-6cb5-456d-bf0e-8e28936bc503.jpg,receipt,0.2,0.01,,,0.64,0.99,,
gs://matthew_files/model_files/images500/4eb3b59f-0030-45ab-9768-635d115cdb11_campaign_f241f585-6cb5-456d-bf0e-8e28936bc503.jpg,receipt,0.19,0.08,,,0.82,0.94,,
gs://matthew_files/model_files/images500/4eb8e770-c8a0-46b7-ac04-cc45225a26ae_campaign_f241f585-6cb5-456d-bf0e-8e28936bc503.jpg,receipt,0.17,0.11,,,0.74,0.94,,
gs://matthew_files/model_files/images500/4ecce60b-54ff-4410-960c-d00226bc3630_campaign_f241f585-6cb5-456d-bf0e-8e28936bc503.jpg,receipt,0.4,0.01,,,0.59,0.95,,
gs://matthew_files/model_files/images500/4ef51886-f402-49fb-8999-45c444bef785_campaign_f241f585-6cb5-456d-bf0e-8e28936bc503.jpg,receipt,0.27,0.07,,,0.72,0.91,,
gs://matthew_files/model_files/images500/4f0d66ff-fe07-4ef4-b438-d37a92b64fa8_campaign_f241f585-6cb5-456d-bf0e-8e28936bc503.jpg,receipt,0.39,0.08,,,0.58,1.0,,
gs://matthew_files/model_files/images500/4f1e43c5-2bc3-4ba3-8d27-65bf33ae6c5e_campaign_f241f585-6cb5-456d-bf0e-8e28936bc503.jpg,receipt,0.31,0.0,,,0.53,1.0,,
gs://matthew_files/model_files/images500/4f7fe0a2-4aca-4474-83a9-23ee7269aa56_campaign_f241f585-6cb5-456d-bf0e-8e28936bc503.jpg,receipt,0.21,0.09,,,0.7,0.84,,
gs://matthew_files/model_files/images500/4f14dc5d-ce24-4305-b24b-9391c60aa5d3_campaign_f241f585-6cb5-456d-bf0e-8e28936bc503.jpg,receipt,0.24,0.1,,,0.66,0.86,,
gs://matthew_files/model_files/images500/4f020ed3-b7cd-4da9-9dac-caadd5a4a978_campaign_f241f585-6cb5-456d-bf0e-8e28936bc503.jpg,receipt,0.28,0.04,,,0.63,0.93,,
gs://matthew_files/model_files/images500/4f100dd7-0d4f-46b2-b8c1-acf10833b9e9_campaign_f241f585-6cb5-456d-bf0e-8e28936bc503.jpg,receipt,0.17,0.06,,,0.78,0.91,,
gs://matthew_files/model_files/images500/4f2737da-c36f-457f-9209-7eb2277512d9_campaign_f241f585-6cb5-456d-bf0e-8e28936bc503.jpg,receipt,0.26,0.06,,,0.63,0.96,,
gs://matthew_files/model_files/images500/4f12048e-f360-44d8-8cd3-94ce9f70be0f_campaign_f241f585-6cb5-456d-bf0e-8e28936bc503.jpg,receipt,0.26,0.04,,,0.61,0.97,,
gs://matthew_files/model_files/images500/4f68620c-af67-4563-b98c-5f7936698425_campaign_f241f585-6cb5-456d-bf0e-8e28936bc503.jpg,receipt,0.21,0.01,,,0.63,0.98,,
gs://matthew_files/model_files/images500/04fb5b33-e0e5-4bae-9d7f-7ee0d2747f0d_campaign_f241f585-6cb5-456d-bf0e-8e28936bc503.jpg,receipt,0.28,0.01,,,0.67,0.99,,
gs://matthew_files/model_files/images500/4fc3853e-f0a4-421a-81e3-b3af6b3455cc_campaign_f241f585-6cb5-456d-bf0e-8e28936bc503.jpg,receipt,0.15,0.19,,,0.66,0.85,,
gs://matthew_files/model_files/images500/04ff9b6e-d733-4027-81a7-5b6353217be9_campaign_f241f585-6cb5-456d-bf0e-8e28936bc503.jpg,receipt,0.32,0.04,,,0.6,0.93,,
gs://matthew_files/model_files/images500/5a2ac7ab-11a5-4d88-92c6-92ff5f180669_campaign_f241f585-6cb5-456d-bf0e-8e28936bc503.jpg,receipt,0.31,0.02,,,0.68,0.97,,
gs://matthew_files/model_files/images500/5a9b0c3c-dd7e-47ac-b1e7-0cecd34c9614_campaign_f241f585-6cb5-456d-bf0e-8e28936bc503.jpg,receipt,0.32,0.02,,,0.61,0.91,,
gs://matthew_files/model_files/images500/5a9bb129-8ef0-4039-a3be-4065ae7bc106_campaign_f241f585-6cb5-456d-bf0e-8e28936bc503.jpg,receipt,0.34,0.08,,,0.65,0.97,,
gs://matthew_files/model_files/images500/5a96f76c-684c-45b5-8ab8-12f3ad10fbfb_campaign_f241f585-6cb5-456d-bf0e-8e28936bc503.jpg,receipt,0.17,0.03,,,0.73,0.9,,
gs://matthew_files/model_files/images500/5a415aa4-5809-4ed1-936c-b767ec092f56_campaign_f241f585-6cb5-456d-bf0e-8e28936bc503.jpg,receipt,0.27,0.01,,,0.68,0.93,,
gs://matthew_files/model_files/images500/5a521914-5bda-4dd9-bcab-6c5644374a2b_campaign_f241f585-6cb5-456d-bf0e-8e28936bc503.jpg,receipt,0.37,0.0,,,0.65,0.97,,
gs://matthew_files/model_files/images500/5ab78461-1198-4f00-a634-7857216fc7ea_campaign_f241f585-6cb5-456d-bf0e-8e28936bc503.jpg,receipt,0.25,0.0,,,0.72,0.99,,
gs://matthew_files/model_files/images500/05ac4ee4-a6db-4e1a-8861-5652a971970a_campaign_f241f585-6cb5-456d-bf0e-8e28936bc503.jpg,receipt,0.28,0.0,,,0.61,0.99,,
gs://matthew_files/model_files/images500/5ac15610-2d24-45af-955d-944f5fd4c4ff_campaign_f241f585-6cb5-456d-bf0e-8e28936bc503.jpg,receipt,0.34,0.02,,,0.69,0.89,,
gs://matthew_files/model_files/images500/5ad8e21a-000e-4f43-b81e-aa2db7371838_campaign_f241f585-6cb5-456d-bf0e-8e28936bc503.jpg,receipt,0.29,0.07,,,0.55,1.0,,
gs://matthew_files/model_files/images500/5af38d2f-8fa1-4a59-899c-5685c15ba456_campaign_f241f585-6cb5-456d-bf0e-8e28936bc503.jpg,receipt,0.31,0.04,,,0.74,0.91,,
gs://matthew_files/model_files/images500/05b3e8eb-59ad-4ffa-bd20-dda6f0388293_campaign_f241f585-6cb5-456d-bf0e-8e28936bc503.jpg,receipt,0.39,0.04,,,0.64,0.99,,
gs://matthew_files/model_files/images500/5b4b704c-6bed-4852-b616-3210b0b8aa24_campaign_f241f585-6cb5-456d-bf0e-8e28936bc503.jpg,receipt,0.21,0.12,,,0.75,0.93,,
gs://matthew_files/model_files/images500/5b6e6d0e-1268-421e-ad09-9b8763ee24a3_campaign_f241f585-6cb5-456d-bf0e-8e28936bc503.jpg,receipt,0.28,0.03,,,0.65,0.97,,
gs://matthew_files/model_files/images500/5b8b705c-e2a8-499e-b3c4-a057ad0660a4_campaign_f241f585-6cb5-456d-bf0e-8e28936bc503.jpg,receipt,0.23,0.05,,,0.54,0.94,,
gs://matthew_files/model_files/images500/5b74f680-ae68-4abf-84a5-406f1165fe92_campaign_f241f585-6cb5-456d-bf0e-8e28936bc503.jpg,receipt,0.08,0.03,,,0.81,0.88,,
gs://matthew_files/model_files/images500/5b75fd3c-e6bd-4b55-9055-6cd8943c428e_campaign_f241f585-6cb5-456d-bf0e-8e28936bc503.jpg,receipt,0.24,0.04,,,0.62,0.87,,
gs://matthew_files/model_files/images500/5baea179-9364-4d8b-adcc-766b8dfe23df_campaign_f241f585-6cb5-456d-bf0e-8e28936bc503.jpg,receipt,0.27,0.06,,,0.57,0.97,,
gs://matthew_files/model_files/images500/5bbceb25-f513-4e0d-ad3a-f2ecc4ae0c2d_campaign_f241f585-6cb5-456d-bf0e-8e28936bc503.jpg,receipt,0.2,0.07,,,0.67,0.9,,
gs://matthew_files/model_files/images500/5bca6407-baa5-47e3-8e04-a208dd58de49_campaign_f241f585-6cb5-456d-bf0e-8e28936bc503.jpg,receipt,0.36,0.08,,,0.61,0.97,,
gs://matthew_files/model_files/images500/5c2f85c1-3a53-453d-8cdd-9e8f363fdf69_campaign_f241f585-6cb5-456d-bf0e-8e28936bc503.jpg,receipt,0.31,0.07,,,0.67,0.98,,
gs://matthew_files/model_files/images500/5c79b2c5-16de-489d-95b0-134141f60a2f_campaign_f241f585-6cb5-456d-bf0e-8e28936bc503.jpg,receipt,0.31,0.04,,,0.63,0.86,,
gs://matthew_files/model_files/images500/5c708d49-841d-4e4f-a487-2d5f0a234ac5_campaign_f241f585-6cb5-456d-bf0e-8e28936bc503.jpg,receipt,0.3,0.07,,,0.6,0.88,,
gs://matthew_files/model_files/images500/5c361567-1f39-4784-acba-5c7be75b5efc_campaign_f241f585-6cb5-456d-bf0e-8e28936bc503.jpg,receipt,0.31,0.03,,,0.67,0.96,,
gs://matthew_files/model_files/images500/5cdf4e4a-e25d-4171-9325-2dc4057b85a8_campaign_f241f585-6cb5-456d-bf0e-8e28936bc503.jpg,receipt,0.27,0.05,,,0.65,1.0,,
gs://matthew_files/model_files/images500/5ced0df2-55f5-42cb-96b2-79c5d8b52d12_campaign_f241f585-6cb5-456d-bf0e-8e28936bc503.jpg,receipt,0.27,0.06,,,0.67,0.97,,
gs://matthew_files/model_files/images500/5d4d92c6-8199-427d-8e94-d4063279159a_campaign_f241f585-6cb5-456d-bf0e-8e28936bc503.jpg,receipt,0.3,0.04,,,0.61,0.87,,
gs://matthew_files/model_files/images500/5d24fbda-d63b-4fec-b71b-4f06e37287e2_campaign_f241f585-6cb5-456d-bf0e-8e28936bc503.jpg,receipt,0.3,0.01,,,0.64,0.98,,
gs://matthew_files/model_files/images500/5d29d750-e76c-4d8e-9c84-536b4663226c_campaign_f241f585-6cb5-456d-bf0e-8e28936bc503.jpg,receipt,0.29,0.02,,,0.66,0.99,,
gs://matthew_files/model_files/images500/5d859da8-0d40-4394-ba69-924e94ab6294_campaign_f241f585-6cb5-456d-bf0e-8e28936bc503.jpg,receipt,0.32,0.02,,,0.64,0.93,,
gs://matthew_files/model_files/images500/5d1189e8-d31a-425b-959e-0bea216fac96_campaign_f241f585-6cb5-456d-bf0e-8e28936bc503.jpg,receipt,0.33,0.04,,,0.62,0.94,,
gs://matthew_files/model_files/images500/5de36a24-98fb-44b0-9d39-7b686e6ea75e_campaign_f241f585-6cb5-456d-bf0e-8e28936bc503.jpg,receipt,0.38,0.09,,,0.63,0.99,,
gs://matthew_files/model_files/images500/5df5f6a6-8ae8-44a8-a6aa-6e269587da42_campaign_f241f585-6cb5-456d-bf0e-8e28936bc503.jpg,receipt,0.39,0.01,,,0.57,1.0,,
gs://matthew_files/model_files/images500/5dfae7ba-e9eb-428d-b55d-4f09fcb44d3a_campaign_f241f585-6cb5-456d-bf0e-8e28936bc503.jpg,receipt,0.36,0.08,,,0.68,0.86,,
gs://matthew_files/model_files/images500/5e5fb5e1-147f-468f-98ea-d209efe86721_campaign_f241f585-6cb5-456d-bf0e-8e28936bc503.jpg,receipt,0.22,0.09,,,0.77,0.96,,
gs://matthew_files/model_files/images500/5e8b3910-b0c7-406f-a67a-2eb280c2dc41_campaign_f241f585-6cb5-456d-bf0e-8e28936bc503.jpg,receipt,0.32,0.01,,,0.62,0.96,,
gs://matthew_files/model_files/images500/5e18ee66-3363-4c38-b0a9-5c7f940942f1_campaign_f241f585-6cb5-456d-bf0e-8e28936bc503.jpg,receipt,0.36,0.09,,,0.63,0.95,,
gs://matthew_files/model_files/images500/5e19ebe6-bd20-4280-a838-84b77888b34c_campaign_f241f585-6cb5-456d-bf0e-8e28936bc503.jpg,receipt,0.29,0.04,,,0.67,0.86,,
gs://matthew_files/model_files/images500/5e72a4c1-1d91-461b-8809-7de85fb661c1_campaign_f241f585-6cb5-456d-bf0e-8e28936bc503.jpg,receipt,0.31,0.06,,,0.6,0.97,,
gs://matthew_files/model_files/images500/5e86adff-e5ac-48e5-b1b8-6f71aab15720_campaign_f241f585-6cb5-456d-bf0e-8e28936bc503.jpg,receipt,0.19,0.07,,,0.71,0.95,,
gs://matthew_files/model_files/images500/5e87f462-7ab2-431d-a703-d50ef3d0f612_campaign_f241f585-6cb5-456d-bf0e-8e28936bc503.jpg,receipt,0.36,0.06,,,0.62,0.95,,
gs://matthew_files/model_files/images500/5e395b36-ed97-4b5c-b1d3-0dce417980d1_campaign_f241f585-6cb5-456d-bf0e-8e28936bc503.jpg,receipt,0.25,0.05,,,0.67,0.96,,
gs://matthew_files/model_files/images500/5e002080-ce6e-436e-b953-0f7fcb0152e0_campaign_f241f585-6cb5-456d-bf0e-8e28936bc503.jpg,receipt,0.29,0.08,,,0.65,0.96,,
gs://matthew_files/model_files/images500/5e3828b3-5ec6-4997-8fcb-f03f5ad5402e_campaign_f241f585-6cb5-456d-bf0e-8e28936bc503.jpg,receipt,0.28,0.07,,,0.7,0.95,,
gs://matthew_files/model_files/images500/05eab4ac-b33c-4f5b-bc9a-610d379a1d99_campaign_f241f585-6cb5-456d-bf0e-8e28936bc503.jpg,receipt,0.18,0.14,,,0.67,0.97,,
gs://matthew_files/model_files/images500/05ebbfc7-cd19-47d5-8e8d-7f050dffffaf_campaign_f241f585-6cb5-456d-bf0e-8e28936bc503.jpg,receipt,0.15,0.08,,,0.63,0.95,,
gs://matthew_files/model_files/images500/5ecfb74e-9034-4f29-978d-f418fd14b0e6_campaign_f241f585-6cb5-456d-bf0e-8e28936bc503.jpg,receipt,0.34,0.03,,,0.65,0.98,,
gs://matthew_files/model_files/images500/5ef17112-1ce6-422e-8e7a-ac0cbd4522a6_campaign_f241f585-6cb5-456d-bf0e-8e28936bc503.jpg,receipt,0.36,0.04,,,0.68,0.86,,
gs://matthew_files/model_files/images500/5efedd4c-389d-424b-aa5f-7384921af20f_campaign_f241f585-6cb5-456d-bf0e-8e28936bc503.jpg,receipt,0.2,0.01,,,0.64,0.99,,
gs://matthew_files/model_files/images500/5f8d4600-e921-4291-9928-add477ad5201_campaign_f241f585-6cb5-456d-bf0e-8e28936bc503.jpg,receipt,0.34,0.03,,,0.6,0.93,,
gs://matthew_files/model_files/images500/5f803f3e-69c4-4c07-a483-4c4c2a075ca6_campaign_f241f585-6cb5-456d-bf0e-8e28936bc503.jpg,receipt,0.31,0.01,,,0.63,0.94,,
gs://matthew_files/model_files/images500/5f724812-8a26-47f6-8213-53723420aa93_campaign_f241f585-6cb5-456d-bf0e-8e28936bc503.jpg,receipt,0.49,0.03,,,0.94,1.0,,
gs://matthew_files/model_files/images500/5fdbd180-91f5-4f86-a98d-e97f36ff400c_campaign_f241f585-6cb5-456d-bf0e-8e28936bc503.jpg,receipt,0.36,0.12,,,0.7,0.94,,
gs://matthew_files/model_files/images500/6a9a8e5f-7601-4ca1-a71b-0db999d2cfbe_campaign_f241f585-6cb5-456d-bf0e-8e28936bc503.jpg,receipt,0.31,0.04,,,0.61,0.93,,
gs://matthew_files/model_files/images500/06a53b76-40e8-426f-a98b-6882a21ac2c5_campaign_f241f585-6cb5-456d-bf0e-8e28936bc503.jpg,receipt,0.28,0.08,,,0.71,0.97,,
gs://matthew_files/model_files/images500/6a61ec8a-04c1-4103-b6a4-293a6eb53674_campaign_f241f585-6cb5-456d-bf0e-8e28936bc503.jpg,receipt,0.28,0.04,,,0.65,1.0,,
gs://matthew_files/model_files/images500/6aeaa2b4-7233-4efd-8372-338844ae7312_campaign_f241f585-6cb5-456d-bf0e-8e28936bc503.jpg,receipt,0.3,0.12,,,0.64,0.83,,
gs://matthew_files/model_files/images500/6af4dcc4-1915-4a52-a718-ff8d2f56517f_campaign_111e0760-9064-4f60-b7af-f743a6c23ef6.jpg,receipt,0.27,0.02,,,0.55,0.97,,
gs://matthew_files/model_files/images500/6afb5999-fb51-4288-8181-b45eb4a3cb14_campaign_f241f585-6cb5-456d-bf0e-8e28936bc503.jpg,receipt,0.29,0.01,,,0.59,0.98,,
gs://matthew_files/model_files/images500/6b15a950-f2d3-40a3-ae07-15289ccfae70_campaign_f241f585-6cb5-456d-bf0e-8e28936bc503.jpg,receipt,0.27,0.0,,,0.66,0.99,,
gs://matthew_files/model_files/images500/06b54b9e-e89f-4ef6-87ef-3a3646e5d470_campaign_f241f585-6cb5-456d-bf0e-8e28936bc503.jpg,receipt,0.21,0.07,,,0.69,0.97,,
gs://matthew_files/model_files/images500/6b76b142-7173-43e5-8c1a-f7df8749393c_campaign_f241f585-6cb5-456d-bf0e-8e28936bc503.jpg,receipt,0.22,0.0,,,0.69,0.86,,
gs://matthew_files/model_files/images500/06b565a3-468d-471a-98f9-9a46bc23f825_campaign_f241f585-6cb5-456d-bf0e-8e28936bc503.jpg,receipt,0.31,0.0,,,0.61,0.99,,
gs://matthew_files/model_files/images500/6bcb8267-51c9-4acc-9049-6c745261e3dc_campaign_f241f585-6cb5-456d-bf0e-8e28936bc503.jpg,receipt,0.32,0.01,,,0.62,0.98,,
gs://matthew_files/model_files/images500/6bd3b986-ccba-48ae-83f7-533d63a8b63a_campaign_f241f585-6cb5-456d-bf0e-8e28936bc503.jpg,receipt,0.26,0.12,,,0.77,0.81,,
gs://matthew_files/model_files/images500/6be315b9-2f74-4daf-bb81-fa79a1cdade0_campaign_f241f585-6cb5-456d-bf0e-8e28936bc503.jpg,receipt,0.33,0.06,,,0.64,0.98,,
gs://matthew_files/model_files/images500/006bed98-5a7e-4945-a364-15a7c1bbace3_campaign_f241f585-6cb5-456d-bf0e-8e28936bc503.jpg,receipt,0.26,0.0,,,0.61,0.99,,
gs://matthew_files/model_files/images500/6c1dc7d5-602b-4186-a358-6cfdc23db37a_campaign_f241f585-6cb5-456d-bf0e-8e28936bc503.jpg,receipt,0.24,0.11,,,0.67,0.7,,
gs://matthew_files/model_files/images500/6c33e570-b0a7-45e3-a211-927247d8aa6e_campaign_f241f585-6cb5-456d-bf0e-8e28936bc503.jpg,receipt,0.26,0.01,,,0.75,0.85,,
gs://matthew_files/model_files/images500/6c59a3be-306b-4c42-ad6d-f27a24277f60_campaign_f241f585-6cb5-456d-bf0e-8e28936bc503.jpg,receipt,0.3,0.06,,,0.59,0.97,,
gs://matthew_files/model_files/images500/6c84c11d-aff7-4069-934c-80431091b981_campaign_f241f585-6cb5-456d-bf0e-8e28936bc503.jpg,receipt,0.41,0.01,,,0.65,1.0,,
gs://matthew_files/model_files/images500/6c239f45-ca67-4ead-bd08-4c84d187dc10_campaign_f241f585-6cb5-456d-bf0e-8e28936bc503.jpg,receipt,0.2,0.12,,,0.65,0.87,,
gs://matthew_files/model_files/images500/6c618c8a-f55b-4a85-9962-e7e67cf902b8_campaign_f241f585-6cb5-456d-bf0e-8e28936bc503.jpg,receipt,0.2,0.1,,,0.71,0.98,,
gs://matthew_files/model_files/images500/6c478960-cbd2-46fd-9e2d-2f81efc65485_campaign_f241f585-6cb5-456d-bf0e-8e28936bc503.jpg,receipt,0.23,0.01,,,0.68,0.98,,
gs://matthew_files/model_files/images500/6cf21dd7-4036-4ed7-b548-a45ca844223b_campaign_f241f585-6cb5-456d-bf0e-8e28936bc503.jpg,receipt,0.32,0.07,,,0.64,0.96,,
gs://matthew_files/model_files/images500/6d1ddd9b-0743-485c-8c32-6533827af6ef_campaign_f241f585-6cb5-456d-bf0e-8e28936bc503.jpg,receipt,0.24,0.16,,,0.73,0.88,,
gs://matthew_files/model_files/images500/6d3c7957-39b8-44b7-9ae1-04843999121f_campaign_f241f585-6cb5-456d-bf0e-8e28936bc503.jpg,receipt,0.27,0.04,,,0.57,0.97,,
gs://matthew_files/model_files/images500/6d46ab8d-11ec-431e-8363-fda080b6c85c_campaign_f241f585-6cb5-456d-bf0e-8e28936bc503.jpg,receipt,0.16,0.03,,,0.69,1.0,,
gs://matthew_files/model_files/images500/6d889ed3-1c89-466e-a4d8-dabd689ba8c6_campaign_f241f585-6cb5-456d-bf0e-8e28936bc503.jpg,receipt,0.32,0.0,,,0.64,0.99,,
gs://matthew_files/model_files/images500/6d019305-d73a-4af6-8e00-db38a5fcedc0_campaign_f241f585-6cb5-456d-bf0e-8e28936bc503.jpg,receipt,0.35,0.06,,,0.63,0.91,,
gs://matthew_files/model_files/images500/6d48050f-4f0e-420b-a25d-0392d5bc0de2_campaign_f241f585-6cb5-456d-bf0e-8e28936bc503.jpg,receipt,0.25,0.14,,,0.69,0.91,,
gs://matthew_files/model_files/images500/6d080851-f77a-4f5e-bdc6-3f1a1c8e70f4_campaign_f241f585-6cb5-456d-bf0e-8e28936bc503.jpg,receipt,0.35,0.03,,,0.65,0.95,,
gs://matthew_files/model_files/images500/6da30c3f-1f41-4c21-949d-66a70ac58dbd_campaign_f241f585-6cb5-456d-bf0e-8e28936bc503.jpg,receipt,0.34,0.05,,,0.65,0.91,,
gs://matthew_files/model_files/images500/6deaabe8-51a6-43cb-831d-21e995759d06_campaign_f241f585-6cb5-456d-bf0e-8e28936bc503.jpg,receipt,0.28,0.08,,,0.59,0.98,,
gs://matthew_files/model_files/images500/6ded5ab9-3272-436b-8b20-ae33aa94dd39_campaign_f241f585-6cb5-456d-bf0e-8e28936bc503.jpg,receipt,0.16,0.1,,,0.76,0.87,,
gs://matthew_files/model_files/images500/6e05a15a-8358-487b-a7ab-a5ffb603db00_campaign_f241f585-6cb5-456d-bf0e-8e28936bc503.jpg,receipt,0.27,0.03,,,0.65,0.92,,
gs://matthew_files/model_files/images500/6e829cfe-ab41-42b4-af5e-c091b0f56a24_campaign_f241f585-6cb5-456d-bf0e-8e28936bc503.jpg,receipt,0.34,0.04,,,0.68,1.0,,
gs://matthew_files/model_files/images500/6eb5ece9-6234-4a7c-b04d-fc313a27308c_campaign_f241f585-6cb5-456d-bf0e-8e28936bc503.jpg,receipt,0.37,0.04,,,0.6,0.89,,
gs://matthew_files/model_files/images500/6f0f8001-597f-45f5-9f2a-ba3b66f8ad1f_campaign_f241f585-6cb5-456d-bf0e-8e28936bc503.jpg,receipt,0.29,0.1,,,0.58,0.9,,
gs://matthew_files/model_files/images500/6f1a0f15-57a2-4dd5-b7ff-75f81144b840_campaign_f241f585-6cb5-456d-bf0e-8e28936bc503.jpg,receipt,0.3,0.06,,,0.64,0.97,,
gs://matthew_files/model_files/images500/6f1b9bf3-4ae5-48c3-acea-f421486b0a96_campaign_f241f585-6cb5-456d-bf0e-8e28936bc503.jpg,receipt,0.18,0.13,,,0.74,0.85,,
gs://matthew_files/model_files/images500/6f9c70b6-d6bd-4993-9e6b-475cd5bf4f17_campaign_f241f585-6cb5-456d-bf0e-8e28936bc503.jpg,receipt,0.22,0.17,,,0.82,0.83,,
gs://matthew_files/model_files/images500/6f92338c-c699-4a8c-8a51-17fdac59c72b_campaign_f241f585-6cb5-456d-bf0e-8e28936bc503.jpg,receipt,0.15,0.11,,,0.86,0.73,,
gs://matthew_files/model_files/images500/6ff29b3e-8b8b-4f52-a31a-013b48ebb238_campaign_f241f585-6cb5-456d-bf0e-8e28936bc503.jpg,receipt,0.41,0.05,,,0.59,0.94,,
gs://matthew_files/model_files/images500/7a22c5c1-fdff-4719-b580-f3d8ae22b298_campaign_f241f585-6cb5-456d-bf0e-8e28936bc503.jpg,receipt,0.25,0.0,,,0.65,1.0,,
gs://matthew_files/model_files/images500/7aede47e-efef-4acf-843b-d3c122501edd_campaign_f241f585-6cb5-456d-bf0e-8e28936bc503.jpg,receipt,0.3,0.03,,,0.62,0.93,,
gs://matthew_files/model_files/images500/7b1ae4b6-700a-419f-be12-5e7ee92b6e5a_campaign_f241f585-6cb5-456d-bf0e-8e28936bc503.jpg,receipt,0.31,0.1,,,0.59,0.9,,
gs://matthew_files/model_files/images500/7b2b3df2-c6bd-4412-8e02-d95f586cf721_campaign_f241f585-6cb5-456d-bf0e-8e28936bc503.jpg,receipt,0.35,0.0,,,0.6,0.97,,
gs://matthew_files/model_files/images500/7b2ba94e-a822-411b-b6ba-46bc03feca43_campaign_f241f585-6cb5-456d-bf0e-8e28936bc503.jpg,receipt,0.4,0.11,,,0.65,0.94,,
gs://matthew_files/model_files/images500/7b40bf9e-cfa7-467f-8d64-577785207e2b_campaign_f241f585-6cb5-456d-bf0e-8e28936bc503.jpg,receipt,0.38,0.03,,,0.67,0.99,,
gs://matthew_files/model_files/images500/7b795d6e-9d4d-47c1-b784-8f627848d64a_campaign_f241f585-6cb5-456d-bf0e-8e28936bc503.jpg,receipt,0.31,0.06,,,0.66,0.87,,
gs://matthew_files/model_files/images500/7b67087e-179d-4523-9a76-2c38c000984f_campaign_f241f585-6cb5-456d-bf0e-8e28936bc503.jpg,receipt,0.2,0.02,,,0.61,0.95,,
gs://matthew_files/model_files/images500/7b856670-4e0c-40b6-b590-c1f8d5014194_campaign_333f26a8-cfcf-4b36-a770-1a80de958c59.jpg,receipt,0.32,0.01,,,0.69,0.99,,
gs://matthew_files/model_files/images500/7bc7c5ab-5758-4ad8-b285-52d53bf1d183_campaign_f241f585-6cb5-456d-bf0e-8e28936bc503.jpg,receipt,0.25,0.08,,,0.68,0.83,,
gs://matthew_files/model_files/images500/7bdb033d-ba17-4240-bf01-2b2dafc5ae2b_campaign_f241f585-6cb5-456d-bf0e-8e28936bc503.jpg,receipt,0.19,0.14,,,0.74,0.86,,
gs://matthew_files/model_files/images500/7bdd5534-8a17-4792-a46c-2fabd3522b1d_campaign_f241f585-6cb5-456d-bf0e-8e28936bc503.jpg,receipt,0.21,0.04,,,0.66,0.88,,
gs://matthew_files/model_files/images500/7bf765d9-bd20-471a-bfe0-c63c539938cf_campaign_b7c30c03-2392-426b-901b-948624a014e5.jpg,receipt,0.29,0.03,,,0.65,1.0,,
gs://matthew_files/model_files/images500/7c4de2cf-b51d-490a-b6ed-01d994c0282e_campaign_a1c8a5b7-fe04-4ac5-ac83-bbbbeaac994e.jpg,receipt,0.02,0.0,,,0.99,1.59,,
gs://matthew_files/model_files/images500/7c59a1f0-cabf-4c97-8bd1-353e41cc4a04_campaign_f241f585-6cb5-456d-bf0e-8e28936bc503.jpg,receipt,0.25,0.1,,,0.65,0.97,,
gs://matthew_files/model_files/images500/7c86cd1f-c9b5-4c13-b399-3af355bbc80b_campaign_f241f585-6cb5-456d-bf0e-8e28936bc503.jpg,receipt,0.11,0.0,,,0.68,0.73,,
gs://matthew_files/model_files/images500/7c0980bb-d585-4a68-bbb2-23d7894403ee_campaign_f241f585-6cb5-456d-bf0e-8e28936bc503.jpg,receipt,0.34,0.05,,,0.63,0.96,,
gs://matthew_files/model_files/images500/7ca9b7a9-0cf1-4511-a1ec-3b8086cac205_campaign_f241f585-6cb5-456d-bf0e-8e28936bc503.jpg,receipt,0.31,0.07,,,0.69,0.99,,
gs://matthew_files/model_files/images500/7ca0979a-8a4c-42bc-8fb8-3dc49d63a427_campaign_f241f585-6cb5-456d-bf0e-8e28936bc503.jpg,receipt,0.22,0.12,,,0.66,0.88,,
gs://matthew_files/model_files/images500/07cc9a73-f906-439b-a807-6fdd924eef45_campaign_f241f585-6cb5-456d-bf0e-8e28936bc503.jpg,receipt,0.38,0.0,,,0.66,0.99,,
gs://matthew_files/model_files/images500/7ccdcbcc-9006-42ff-968b-1d35e320e987_campaign_f241f585-6cb5-456d-bf0e-8e28936bc503.jpg,receipt,0.37,0.02,,,0.62,0.99,,
gs://matthew_files/model_files/images500/7cd6ee79-0bef-4f12-9959-ee9a2bc9deac_campaign_f241f585-6cb5-456d-bf0e-8e28936bc503.jpg,receipt,0.24,0.03,,,0.67,0.97,,
gs://matthew_files/model_files/images500/7cdd20c3-0c3f-4e44-93e2-eb4dd22b0162_campaign_f241f585-6cb5-456d-bf0e-8e28936bc503.jpg,receipt,0.33,0.05,,,0.59,0.97,,
gs://matthew_files/model_files/images500/7ce3f1f8-42b0-4052-9273-e7f6357bb2d8_campaign_f241f585-6cb5-456d-bf0e-8e28936bc503.jpg,receipt,0.24,0.04,,,0.59,0.98,,
gs://matthew_files/model_files/images500/7d8fd0ef-126a-4dbf-a61e-6776a4d263ac_campaign_f241f585-6cb5-456d-bf0e-8e28936bc503.jpg,receipt,0.25,0.14,,,0.66,0.92,,
gs://matthew_files/model_files/images500/7d597664-b906-4e8a-a1a9-a2c49c990071_campaign_f241f585-6cb5-456d-bf0e-8e28936bc503.jpg,receipt,0.21,0.1,,,0.72,0.99,,
gs://matthew_files/model_files/images500/7dbb5004-6041-4d72-8c3b-5ee6ddb00986_campaign_f241f585-6cb5-456d-bf0e-8e28936bc503.jpg,receipt,0.28,0.08,,,0.67,0.83,,
gs://matthew_files/model_files/images500/7dc52c84-fd38-4019-89ac-03f23f695309_campaign_f241f585-6cb5-456d-bf0e-8e28936bc503.jpg,receipt,0.3,0.01,,,0.59,0.97,,
gs://matthew_files/model_files/images500/07ddf7e4-1e29-4cfc-b374-1e9348200198_campaign_f241f585-6cb5-456d-bf0e-8e28936bc503.jpg,receipt,0.32,0.02,,,0.57,0.98,,
gs://matthew_files/model_files/images500/7de7b358-0917-46ec-b699-2abd8730a962_campaign_f241f585-6cb5-456d-bf0e-8e28936bc503.jpg,receipt,0.36,0.02,,,0.64,1.0,,
gs://matthew_files/model_files/images500/07df4301-02bb-478e-8144-4fb99968130c_campaign_f241f585-6cb5-456d-bf0e-8e28936bc503.jpg,receipt,0.26,0.0,,,0.64,0.93,,
gs://matthew_files/model_files/images500/7e84f3da-c0da-4366-b0c6-25bcc649e340_campaign_f241f585-6cb5-456d-bf0e-8e28936bc503.jpg,receipt,0.33,0.1,,,0.66,0.96,,
gs://matthew_files/model_files/images500/07e779c4-0289-48da-be12-39f6c5344103_campaign_f241f585-6cb5-456d-bf0e-8e28936bc503.jpg,receipt,0.24,0.02,,,0.62,0.97,,
gs://matthew_files/model_files/images500/7e66032e-267f-47dd-b2f7-9104543a862f_campaign_f241f585-6cb5-456d-bf0e-8e28936bc503.jpg,receipt,0.31,0.03,,,0.61,0.86,,
gs://matthew_files/model_files/images500/7e89249a-2559-42db-8e45-97ffde124d53_campaign_f241f585-6cb5-456d-bf0e-8e28936bc503.jpg,receipt,0.21,0.04,,,0.71,0.89,,
gs://matthew_files/model_files/images500/7eaacaa5-bfcb-402b-9008-9bda9ae7d681_campaign_f241f585-6cb5-456d-bf0e-8e28936bc503.jpg,receipt,0.25,0.09,,,0.66,0.92,,
gs://matthew_files/model_files/images500/7eb35bc1-2c2b-4f29-8872-63dafd8ca16a_campaign_f241f585-6cb5-456d-bf0e-8e28936bc503.jpg,receipt,0.06,0.03,,,0.86,0.88,,
gs://matthew_files/model_files/images500/7ed43a95-6f57-4074-9c42-cebe5967c254_campaign_f241f585-6cb5-456d-bf0e-8e28936bc503.jpg,receipt,0.37,0.01,,,0.56,0.98,,
gs://matthew_files/model_files/images500/7f7f0aaf-c221-4a2d-95c2-b0a35c62c1a1_campaign_f241f585-6cb5-456d-bf0e-8e28936bc503.jpg,receipt,0.26,0.03,,,0.6,0.97,,
gs://matthew_files/model_files/images500/007f89ea-4c44-4d1a-81fc-812fda479f8f_campaign_333f26a8-cfcf-4b36-a770-1a80de958c59.jpg,receipt,0.12,0.09,,,0.72,0.97,,
gs://matthew_files/model_files/images500/7f92daa4-0c08-401c-a8a6-2e2f79672955_campaign_f241f585-6cb5-456d-bf0e-8e28936bc503.jpg,receipt,0.22,0.25,,,0.85,0.86,,
gs://matthew_files/model_files/images500/7f4405b7-be2d-403a-9009-2f12fde1b988_campaign_f241f585-6cb5-456d-bf0e-8e28936bc503.jpg,receipt,0.11,0.02,,,0.79,0.97,,
gs://matthew_files/model_files/images500/7fa2f4d9-cb88-479a-b9bc-f88e78508836_campaign_f241f585-6cb5-456d-bf0e-8e28936bc503.jpg,receipt,0.35,0.04,,,0.68,1.0,,
gs://matthew_files/model_files/images500/7fac81a8-cc02-450b-a850-26409956c6d5_campaign_f241f585-6cb5-456d-bf0e-8e28936bc503.jpg,receipt,0.23,0.07,,,0.66,0.85,,
gs://matthew_files/model_files/images500/7fb94c44-f180-42aa-9d8b-98a887ded080_campaign_f241f585-6cb5-456d-bf0e-8e28936bc503.jpg,receipt,0.26,0.03,,,0.71,0.97,,
gs://matthew_files/model_files/images500/7fbbd776-55a9-403d-9421-16ab4c21093f_campaign_f241f585-6cb5-456d-bf0e-8e28936bc503.jpg,receipt,0.22,0.06,,,0.62,0.97,,
gs://matthew_files/model_files/images500/7fc1c3d6-994e-4d5f-91b3-b6347c5e5277_campaign_f241f585-6cb5-456d-bf0e-8e28936bc503.jpg,receipt,0.33,0.01,,,0.64,0.97,,
gs://matthew_files/model_files/images500/7fea8fea-b9a3-40db-8ae5-a6f4560ab419_campaign_f241f585-6cb5-456d-bf0e-8e28936bc503.jpg,receipt,0.19,0.05,,,0.74,0.93,,
gs://matthew_files/model_files/images500/7ff49a0a-5a45-4b09-8068-0233e90726e4_campaign_f241f585-6cb5-456d-bf0e-8e28936bc503.jpg,receipt,0.33,0.01,,,0.64,1.0,,
gs://matthew_files/model_files/images500/8a2cc74f-ae01-41c0-a9b0-75798b814259_campaign_f241f585-6cb5-456d-bf0e-8e28936bc503.jpg,receipt,0.11,0.09,,,0.73,0.99,,
gs://matthew_files/model_files/images500/8a5deaaf-92af-48a4-89e9-db925de4875b_campaign_f241f585-6cb5-456d-bf0e-8e28936bc503.jpg,receipt,0.37,0.04,,,0.57,0.99,,
gs://matthew_files/model_files/images500/8a5e2887-8cce-42cb-be61-bb229cacefd3_campaign_f241f585-6cb5-456d-bf0e-8e28936bc503.jpg,receipt,0.23,0.09,,,0.63,0.83,,
gs://matthew_files/model_files/images500/8a68eadf-0abc-4fac-aea8-0871eb4240e9_campaign_f241f585-6cb5-456d-bf0e-8e28936bc503.jpg,receipt,0.22,0.08,,,0.69,0.91,,
gs://matthew_files/model_files/images500/8a699f88-ca02-41c0-b012-c3705d599a0c_campaign_f241f585-6cb5-456d-bf0e-8e28936bc503.jpg,receipt,0.33,0.03,,,0.66,0.87,,
gs://matthew_files/model_files/images500/8a815fa4-e9d9-4f96-b048-17310e109f91_campaign_f241f585-6cb5-456d-bf0e-8e28936bc503.jpg,receipt,0.32,0.03,,,0.61,0.99,,
gs://matthew_files/model_files/images500/8a08794b-28b9-4d8d-9492-868fb6f6af16_campaign_f241f585-6cb5-456d-bf0e-8e28936bc503.jpg,receipt,0.29,0.04,,,0.61,0.98,,
gs://matthew_files/model_files/images500/8aa8cdf1-5783-4163-8627-ff78f137b8fe_campaign_f241f585-6cb5-456d-bf0e-8e28936bc503.jpg,receipt,0.29,0.08,,,0.64,0.94,,
gs://matthew_files/model_files/images500/8aad6bc1-1950-4447-bfc6-99ff601b97b5_campaign_f241f585-6cb5-456d-bf0e-8e28936bc503.jpg,receipt,0.35,0.03,,,0.63,0.97,,
gs://matthew_files/model_files/images500/8adb83b5-f044-4ebb-b514-68b4c537ee3f_campaign_f241f585-6cb5-456d-bf0e-8e28936bc503.jpg,receipt,0.28,0.02,,,0.69,0.92,,
gs://matthew_files/model_files/images500/8b0c3a26-7490-4390-b914-07997cabf6bc_campaign_f241f585-6cb5-456d-bf0e-8e28936bc503.jpg,receipt,0.12,0.08,,,0.76,0.99,,
gs://matthew_files/model_files/images500/8b5d5390-2d8b-45b9-afc8-81026e382ba1_campaign_f241f585-6cb5-456d-bf0e-8e28936bc503.jpg,receipt,0.33,0.02,,,0.66,0.98,,
gs://matthew_files/model_files/images500/8b9bcb5b-4b76-43af-b335-f9b9ffce7bad_campaign_f241f585-6cb5-456d-bf0e-8e28936bc503.jpg,receipt,0.24,0.0,,,0.63,0.94,,
gs://matthew_files/model_files/images500/8b44c7b5-e760-4ea0-bcf8-aa6ef20a6730_campaign_f241f585-6cb5-456d-bf0e-8e28936bc503.jpg,receipt,0.22,0.12,,,0.78,0.87,,
gs://matthew_files/model_files/images500/8b87e95d-d50b-4d65-8e41-c7b7f5ddc020_campaign_f241f585-6cb5-456d-bf0e-8e28936bc503.jpg,receipt,0.31,0.06,,,0.72,0.98,,
gs://matthew_files/model_files/images500/8b147d4d-8647-4a8f-8817-eeade4ddb8d9_campaign_f241f585-6cb5-456d-bf0e-8e28936bc503.jpg,receipt,0.26,0.06,,,0.67,0.98,,
gs://matthew_files/model_files/images500/8b733e1e-a4ab-419f-b372-afc27bb96daa_campaign_f241f585-6cb5-456d-bf0e-8e28936bc503.jpg,receipt,0.26,0.08,,,0.64,0.98,,
gs://matthew_files/model_files/images500/8b0802b7-1ae2-40ea-ab0f-7dbacb288703_campaign_f241f585-6cb5-456d-bf0e-8e28936bc503.jpg,receipt,0.19,0.11,,,0.72,0.95,,
gs://matthew_files/model_files/images500/8bc8028d-5400-4dd3-9aec-af03503fd449_campaign_f241f585-6cb5-456d-bf0e-8e28936bc503.jpg,receipt,0.15,0.08,,,0.78,0.94,,
gs://matthew_files/model_files/images500/8bd3f09c-c09a-45d5-9a5d-4fd71a8bab46_campaign_f241f585-6cb5-456d-bf0e-8e28936bc503.jpg,receipt,0.34,0.07,,,0.67,0.99,,
gs://matthew_files/model_files/images500/8bdcf50d-6338-43d3-8adb-d8af17a46fa6_campaign_f241f585-6cb5-456d-bf0e-8e28936bc503.jpg,receipt,0.21,0.06,,,0.69,0.9,,
gs://matthew_files/model_files/images500/8be3bbf3-85ea-4cba-b430-24134d74193e_campaign_f241f585-6cb5-456d-bf0e-8e28936bc503.jpg,receipt,0.26,0.11,,,0.63,0.94,,
gs://matthew_files/model_files/images500/8beac0b9-6093-4659-8f5a-659112a9dc98_campaign_f241f585-6cb5-456d-bf0e-8e28936bc503.jpg,receipt,0.33,0.04,,,0.63,0.97,,
gs://matthew_files/model_files/images500/8bf3227e-bc5b-4401-8cf4-a34acf4ed416_campaign_f241f585-6cb5-456d-bf0e-8e28936bc503.jpg,receipt,0.28,0.09,,,0.64,0.96,,
gs://matthew_files/model_files/images500/8c1aeb3a-2fa2-42e6-9cbd-164f64cb4183_campaign_f241f585-6cb5-456d-bf0e-8e28936bc503.jpg,receipt,0.31,0.06,,,0.59,0.99,,
gs://matthew_files/model_files/images500/8c5b7b4a-5749-4615-a35e-6f3124a1425b_campaign_f241f585-6cb5-456d-bf0e-8e28936bc503.jpg,receipt,0.38,0.02,,,0.66,0.98,,
gs://matthew_files/model_files/images500/8c9cd253-03e5-4da9-a475-42da9e05a9af_campaign_f241f585-6cb5-456d-bf0e-8e28936bc503.jpg,receipt,0.21,0.08,,,0.67,0.95,,
gs://matthew_files/model_files/images500/8c7669d1-67fd-4b26-bb81-185fd3dd51a2_campaign_111e0760-9064-4f60-b7af-f743a6c23ef6.jpg,receipt,0.34,0.04,,,0.67,0.97,,
gs://matthew_files/model_files/images500/8c15523e-ace5-40a0-bade-ff1317c0642f_campaign_f241f585-6cb5-456d-bf0e-8e28936bc503.jpg,receipt,0.36,0.02,,,0.67,0.96,,
gs://matthew_files/model_files/images500/8c58739e-c089-4575-94ac-76119cdd673e_campaign_f241f585-6cb5-456d-bf0e-8e28936bc503.jpg,receipt,0.21,0.09,,,0.66,0.92,,
gs://matthew_files/model_files/images500/8c291700-074d-4447-8b44-de867d21ff35_campaign_f241f585-6cb5-456d-bf0e-8e28936bc503.jpg,receipt,0.21,0.06,,,0.66,0.78,,
gs://matthew_files/model_files/images500/8ca73183-5adc-4668-85f3-91cd86e769d9_campaign_f241f585-6cb5-456d-bf0e-8e28936bc503.jpg,receipt,0.28,0.04,,,0.61,0.99,,
gs://matthew_files/model_files/images500/8cacdc51-d46d-43f8-b38f-bb285e637460_campaign_f241f585-6cb5-456d-bf0e-8e28936bc503.jpg,receipt,0.25,0.13,,,0.64,0.82,,
gs://matthew_files/model_files/images500/08cb17b9-5874-486b-876e-0b263992c217_campaign_f241f585-6cb5-456d-bf0e-8e28936bc503.jpg,receipt,0.18,0.12,,,0.82,0.91,,
gs://matthew_files/model_files/images500/8cdd40ca-4a72-4f1c-aafa-0066b95759fa_campaign_f241f585-6cb5-456d-bf0e-8e28936bc503.jpg,receipt,0.32,0.04,,,0.67,0.97,,
gs://matthew_files/model_files/images500/8cf95f20-5871-4c9f-a93f-e354f8a972cd_campaign_f241f585-6cb5-456d-bf0e-8e28936bc503.jpg,receipt,0.18,0.12,,,0.74,0.97,,
gs://matthew_files/model_files/images500/8d0b7e65-10d8-4c0f-aff8-474c11ad30e8_campaign_f241f585-6cb5-456d-bf0e-8e28936bc503.jpg,receipt,0.33,0.03,,,0.52,0.98,,
gs://matthew_files/model_files/images500/8d066d33-edca-4c42-9cec-091dbba77122_campaign_f241f585-6cb5-456d-bf0e-8e28936bc503.jpg,receipt,0.21,0.03,,,0.65,0.99,,
gs://matthew_files/model_files/images500/09a9313a-fcd7-4f3a-a93b-65e8906eb79f_campaign_f241f585-6cb5-456d-bf0e-8e28936bc503.jpg,receipt,0.21,0.11,,,0.79,0.98,,
gs://matthew_files/model_files/images500/09b7cae1-9919-4611-99f5-b5cf1f35630e_campaign_f241f585-6cb5-456d-bf0e-8e28936bc503.jpg,receipt,0.31,0.08,,,0.59,0.83,,
gs://matthew_files/model_files/images500/09b56e2a-b697-4897-a4d9-666735fe1e67_campaign_f241f585-6cb5-456d-bf0e-8e28936bc503.jpg,receipt,0.29,0.05,,,0.68,0.87,,
gs://matthew_files/model_files/images500/09c8ed07-09e0-4b9d-8663-e74751a1da80_campaign_f241f585-6cb5-456d-bf0e-8e28936bc503.jpg,receipt,0.34,0.15,,,0.64,0.86,,
gs://matthew_files/model_files/images500/09c89a49-694a-43b3-9997-8c689de2f6b1_campaign_f241f585-6cb5-456d-bf0e-8e28936bc503.jpg,receipt,0.33,0.06,,,0.65,0.84,,
gs://matthew_files/model_files/images500/09cd141e-5c0a-4f96-9eda-98522118bf07_campaign_f241f585-6cb5-456d-bf0e-8e28936bc503.jpg,receipt,0.29,0.05,,,0.59,0.94,,
gs://matthew_files/model_files/images500/09ff28bc-abab-4edd-b9d7-03959d017382_campaign_f241f585-6cb5-456d-bf0e-8e28936bc503.jpg,receipt,0.36,0.07,,,0.63,0.91,,
gs://matthew_files/model_files/images500/10c2cc91-c319-4a78-b4a0-66acb31fd233_campaign_f241f585-6cb5-456d-bf0e-8e28936bc503.jpg,receipt,0.26,0.07,,,0.67,0.86,,
gs://matthew_files/model_files/images500/010d3acf-d475-4123-bb31-b96c0778c2e6_campaign_f241f585-6cb5-456d-bf0e-8e28936bc503.jpg,receipt,0.26,0.16,,,0.63,0.92,,
gs://matthew_files/model_files/images500/10f66f3e-178b-4a49-95d7-8fbec42e87ed_campaign_f241f585-6cb5-456d-bf0e-8e28936bc503.jpg,receipt,0.25,0.05,,,0.63,0.97,,
gs://matthew_files/model_files/images500/11e8b334-fddf-4df6-8ae0-587bb33d4233_campaign_f241f585-6cb5-456d-bf0e-8e28936bc503.jpg,receipt,0.33,0.02,,,0.6,0.95,,
gs://matthew_files/model_files/images500/12a46498-5333-409b-b65f-f3c3362cdca4_campaign_f241f585-6cb5-456d-bf0e-8e28936bc503.jpg,receipt,0.21,0.08,,,0.72,0.93,,
gs://matthew_files/model_files/images500/12abc223-6051-44bb-b567-f9b5108c2e20_campaign_f241f585-6cb5-456d-bf0e-8e28936bc503.jpg,receipt,0.11,0.04,,,0.73,0.92,,
gs://matthew_files/model_files/images500/12b8f618-4411-477e-843c-da8c8638c215_campaign_f241f585-6cb5-456d-bf0e-8e28936bc503.jpg,receipt,0.27,0.06,,,0.65,0.95,,
gs://matthew_files/model_files/images500/13aae018-de46-439b-a6ea-4a3e4e4ebe2f_campaign_f241f585-6cb5-456d-bf0e-8e28936bc503.jpg,receipt,0.2,0.06,,,0.63,0.91,,
gs://matthew_files/model_files/images500/13e91c25-5b38-4baa-8930-2f964b4dbd25_campaign_f241f585-6cb5-456d-bf0e-8e28936bc503.jpg,receipt,0.36,0.02,,,0.66,0.96,,
gs://matthew_files/model_files/images500/13ee95a0-df8c-4893-8933-38b1d42cc3bf_campaign_f241f585-6cb5-456d-bf0e-8e28936bc503.jpg,receipt,0.3,0.0,,,0.7,0.99,,
gs://matthew_files/model_files/images500/14d135f4-b12c-4e7d-bfa6-583fd857018b_campaign_f241f585-6cb5-456d-bf0e-8e28936bc503.jpg,receipt,0.23,0.1,,,0.63,0.97,,
gs://matthew_files/model_files/images500/14f78720-91e4-4e4e-a6e3-680a5b4fe966_campaign_f241f585-6cb5-456d-bf0e-8e28936bc503.jpg,receipt,0.16,0.1,,,0.65,0.82,,
gs://matthew_files/model_files/images500/16d996cb-5816-46ec-b2fe-d0e821703d22_campaign_f241f585-6cb5-456d-bf0e-8e28936bc503.jpg,receipt,0.38,0.01,,,0.62,0.87,,
gs://matthew_files/model_files/images500/17b6042d-ebfe-4902-ac28-c306ebb47bd4_campaign_f241f585-6cb5-456d-bf0e-8e28936bc503.jpg,receipt,0.25,0.01,,,0.66,0.99,,
gs://matthew_files/model_files/images500/17cab884-27df-4b86-8bcc-786f7f04ea82_campaign_f241f585-6cb5-456d-bf0e-8e28936bc503.jpg,receipt,0.23,0.13,,,0.62,1.0,,
gs://matthew_files/model_files/images500/17daac6b-36aa-4404-9f71-1e32f9aff38f_campaign_f241f585-6cb5-456d-bf0e-8e28936bc503.jpg,receipt,0.37,0.01,,,0.58,1.0,,
gs://matthew_files/model_files/images500/17e530c2-9279-4371-91f1-56f0fb6080ef_campaign_f241f585-6cb5-456d-bf0e-8e28936bc503.jpg,receipt,0.32,0.05,,,0.61,0.99,,
gs://matthew_files/model_files/images500/17ec4f75-fff7-4a86-ad8a-be965833769c_campaign_f241f585-6cb5-456d-bf0e-8e28936bc503.jpg,receipt,0.18,0.13,,,0.78,0.95,,
gs://matthew_files/model_files/images500/18e938ee-c0a8-4e5b-8e0e-f850c763a565_campaign_f241f585-6cb5-456d-bf0e-8e28936bc503.jpg,receipt,0.37,0.08,,,0.6,0.96,,
gs://matthew_files/model_files/images500/19a31591-0a8a-4ce6-8918-779a4b734b55_campaign_f241f585-6cb5-456d-bf0e-8e28936bc503.jpg,receipt,0.31,0.05,,,0.63,0.89,,
gs://matthew_files/model_files/images500/19b4b4be-0efc-4f85-aa63-2cfe5cea6d05_campaign_f241f585-6cb5-456d-bf0e-8e28936bc503.jpg,receipt,0.31,0.02,,,0.65,0.98,,
gs://matthew_files/model_files/images500/19cd9488-72c8-4204-a27f-6ca35c742685_campaign_f241f585-6cb5-456d-bf0e-8e28936bc503.jpg,receipt,0.25,0.01,,,0.66,1.0,,
gs://matthew_files/model_files/images500/19d98e04-a710-48fc-b6ae-37ec1bf8452b_campaign_f241f585-6cb5-456d-bf0e-8e28936bc503.jpg,receipt,0.29,0.02,,,0.62,1.0,,
gs://matthew_files/model_files/images500/20f9f99e-7671-4cf1-b8b3-5142c24c1178_campaign_f241f585-6cb5-456d-bf0e-8e28936bc503.jpg,receipt,0.34,0.07,,,0.61,0.83,,
gs://matthew_files/model_files/images500/21a633e1-c699-47c7-8cbf-3002bb1d7eb2_campaign_f241f585-6cb5-456d-bf0e-8e28936bc503.jpg,receipt,0.22,0.09,,,0.64,0.99,,
gs://matthew_files/model_files/images500/21aa9499-8904-4f4e-94b3-71fd6b93e664_campaign_f241f585-6cb5-456d-bf0e-8e28936bc503.jpg,receipt,0.34,0.0,,,0.56,0.68,,
gs://matthew_files/model_files/images500/21b4d5b0-06f5-45d6-be5b-4813edbedc62_campaign_f241f585-6cb5-456d-bf0e-8e28936bc503.jpg,receipt,0.29,0.0,,,0.66,0.97,,
gs://matthew_files/model_files/images500/21e99e24-cf8a-4b17-8174-0ecb5c1c7711_campaign_f241f585-6cb5-456d-bf0e-8e28936bc503.jpg,receipt,0.25,0.07,,,0.72,0.97,,
gs://matthew_files/model_files/images500/21e47211-d138-409b-aee5-162a421fe4d7_campaign_f241f585-6cb5-456d-bf0e-8e28936bc503.jpg,receipt,0.19,0.04,,,0.68,0.96,,
gs://matthew_files/model_files/images500/21eaa469-218c-40dd-bbf1-1e76166af43f_campaign_f241f585-6cb5-456d-bf0e-8e28936bc503.jpg,receipt,0.25,0.0,,,0.62,0.98,,
gs://matthew_files/model_files/images500/21ef0e33-9648-434d-987c-3db5f12031b1_campaign_f241f585-6cb5-456d-bf0e-8e28936bc503.jpg,receipt,0.28,0.01,,,0.67,1.0,,
gs://matthew_files/model_files/images500/22a54bc0-9264-4ca0-b9a6-1c90d4c7e5bc_campaign_f241f585-6cb5-456d-bf0e-8e28936bc503.jpg,receipt,0.37,0.02,,,0.6,0.96,,
gs://matthew_files/model_files/images500/22bddc59-35d5-4469-bf00-62e86a58c3b6_campaign_f241f585-6cb5-456d-bf0e-8e28936bc503.jpg,receipt,0.32,0.01,,,0.57,0.98,,
gs://matthew_files/model_files/images500/22c7a23c-b517-40b1-8ae8-8970e8cb70c3_campaign_f241f585-6cb5-456d-bf0e-8e28936bc503.jpg,receipt,0.37,0.04,,,0.63,0.94,,
gs://matthew_files/model_files/images500/22c6242d-0cd1-4bb7-9ff8-3df91c56c146_campaign_f241f585-6cb5-456d-bf0e-8e28936bc503.jpg,receipt,0.19,0.05,,,0.71,0.94,,
gs://matthew_files/model_files/images500/22ca1d6d-fda7-4787-992d-4957253be71c_campaign_f241f585-6cb5-456d-bf0e-8e28936bc503.jpg,receipt,0.26,0.04,,,0.63,1.0,,
gs://matthew_files/model_files/images500/22f7aac2-f5bc-489a-99b2-0556e5524547_campaign_f241f585-6cb5-456d-bf0e-8e28936bc503.jpg,receipt,0.21,0.12,,,0.72,0.92,,
gs://matthew_files/model_files/images500/22fa0eea-597e-42fa-a1b3-1606290fea9a_campaign_f241f585-6cb5-456d-bf0e-8e28936bc503.jpg,receipt,0.3,0.09,,,0.71,0.97,,
gs://matthew_files/model_files/images500/22fa99a0-5088-441b-b4f2-918bc9f60ee9_campaign_f241f585-6cb5-456d-bf0e-8e28936bc503.jpg,receipt,0.32,0.05,,,0.66,0.98,,
gs://matthew_files/model_files/images500/24be481b-7cb6-4f65-ba40-b63b4ea5add8_campaign_f241f585-6cb5-456d-bf0e-8e28936bc503.jpg,receipt,0.33,0.06,,,0.67,0.91,,
gs://matthew_files/model_files/images500/24c28150-8123-4a98-92d4-6bb3cc9628db_campaign_f241f585-6cb5-456d-bf0e-8e28936bc503.jpg,receipt,0.29,0.12,,,0.77,0.87,,
gs://matthew_files/model_files/images500/024ccdba-f7e9-4e39-88dd-2a8439e399bb_campaign_f241f585-6cb5-456d-bf0e-8e28936bc503.jpg,receipt,0.3,0.06,,,0.58,0.88,,
gs://matthew_files/model_files/images500/24d6443a-7855-4b41-801d-4f83acb1c2a1_campaign_f241f585-6cb5-456d-bf0e-8e28936bc503.jpg,receipt,0.29,0.02,,,0.61,0.86,,
gs://matthew_files/model_files/images500/25a661dd-4e5a-432f-b052-2c51bc5fa180_campaign_f241f585-6cb5-456d-bf0e-8e28936bc503.jpg,receipt,0.32,0.01,,,0.63,0.98,,
gs://matthew_files/model_files/images500/25adf70d-9bbc-4fa6-ab64-206fdf208e7d_campaign_f241f585-6cb5-456d-bf0e-8e28936bc503.jpg,receipt,0.34,0.04,,,0.65,0.87,,
gs://matthew_files/model_files/images500/26b7fceb-ee1f-4441-945c-2a3341a32980_campaign_f241f585-6cb5-456d-bf0e-8e28936bc503.jpg,receipt,0.33,0.06,,,0.6,0.96,,
gs://matthew_files/model_files/images500/26dd75a2-e9c9-4437-96e8-53d6ba3354af_campaign_f241f585-6cb5-456d-bf0e-8e28936bc503.jpg,receipt,0.28,0.01,,,0.68,1.0,,
gs://matthew_files/model_files/images500/26f0d4a8-9bed-4cfa-b50e-98802eeba925_campaign_f241f585-6cb5-456d-bf0e-8e28936bc503.jpg,receipt,0.35,0.08,,,0.65,0.93,,
gs://matthew_files/model_files/images500/27b078ef-4509-4914-9018-af282c9f6e1b_campaign_f241f585-6cb5-456d-bf0e-8e28936bc503.jpg,receipt,0.4,0.04,,,0.61,0.98,,
gs://matthew_files/model_files/images500/27b401cf-eff6-4f8d-9be1-b6e3e38cbcab_campaign_f241f585-6cb5-456d-bf0e-8e28936bc503.jpg,receipt,0.16,0.23,,,0.82,0.76,,
gs://matthew_files/model_files/images500/27b30011-a5e4-498d-8dfd-1d2ea676d07c_campaign_f241f585-6cb5-456d-bf0e-8e28936bc503.jpg,receipt,0.23,0.01,,,0.61,0.99,,
gs://matthew_files/model_files/images500/27d4f2cc-a5b0-4b28-8c24-3fa08678e996_campaign_f241f585-6cb5-456d-bf0e-8e28936bc503.jpg,receipt,0.19,0.03,,,0.77,0.91,,
gs://matthew_files/model_files/images500/27decf2d-dc69-4058-a305-4f73bc56a1be_campaign_f241f585-6cb5-456d-bf0e-8e28936bc503.jpg,receipt,0.34,0.07,,,0.64,0.96,,
gs://matthew_files/model_files/images500/28b4c6b2-15b2-4ede-a7ee-d4303beca2d4_campaign_f241f585-6cb5-456d-bf0e-8e28936bc503.jpg,receipt,0.25,0.08,,,0.62,0.99,,
gs://matthew_files/model_files/images500/29b0fc52-506f-4d8f-ae7b-a001af192a72_campaign_f241f585-6cb5-456d-bf0e-8e28936bc503.jpg,receipt,0.24,0.05,,,0.65,0.97,,
gs://matthew_files/model_files/images500/29cd0e0e-d56d-4301-b6dc-d9473b693afa_campaign_f241f585-6cb5-456d-bf0e-8e28936bc503.jpg,receipt,0.32,0.1,,,0.63,0.95,,
gs://matthew_files/model_files/images500/29fcbea8-40b7-4b5f-aaa9-ae426c97571f_campaign_f241f585-6cb5-456d-bf0e-8e28936bc503.jpg,receipt,0.23,0.11,,,0.62,1.0,,
gs://matthew_files/model_files/images500/30ae7025-3e64-4530-a861-33b6f6b9f236_campaign_f241f585-6cb5-456d-bf0e-8e28936bc503.jpg,receipt,0.33,0.04,,,0.62,0.9,,
gs://matthew_files/model_files/images500/30ecc2d0-abb9-4a66-9a07-14f83eca160e_campaign_f241f585-6cb5-456d-bf0e-8e28936bc503.jpg,receipt,0.31,0.01,,,0.58,1.0,,
gs://matthew_files/model_files/images500/30ee510b-22fe-4579-b2ea-612ad67707e3_campaign_f241f585-6cb5-456d-bf0e-8e28936bc503.jpg,receipt,0.3,0.03,,,0.64,0.96,,
gs://matthew_files/model_files/images500/31a1f8a9-6530-494b-9951-7af01eebfbaa_campaign_f241f585-6cb5-456d-bf0e-8e28936bc503.jpg,receipt,0.13,0.08,,,0.7,0.9,,
gs://matthew_files/model_files/images500/31ac5832-9013-4d3e-84d9-521e824aaaea_campaign_f241f585-6cb5-456d-bf0e-8e28936bc503.jpg,receipt,0.29,0.04,,,0.6,0.98,,
gs://matthew_files/model_files/images500/31c249cd-53b8-423f-a70f-a7d1fe112cf3_campaign_f241f585-6cb5-456d-bf0e-8e28936bc503.jpg,receipt,0.37,0.12,,,0.62,0.93,,
gs://matthew_files/model_files/images500/31d6cd97-87bd-43c7-a942-02b09742d7f4_campaign_f241f585-6cb5-456d-bf0e-8e28936bc503.jpg,receipt,0.22,0.09,,,0.7,0.94,,
gs://matthew_files/model_files/images500/33acd9ec-abc1-468a-b58f-2caf84add73c_campaign_f241f585-6cb5-456d-bf0e-8e28936bc503.jpg,receipt,0.21,0.03,,,0.61,1.0,,
gs://matthew_files/model_files/images500/33ba3ca8-ef1f-4aa7-8c3d-a147862a2ea2_campaign_f241f585-6cb5-456d-bf0e-8e28936bc503.jpg,receipt,0.22,0.03,,,0.62,0.96,,
